folder	A2	B2	Z	o	h2	cf	cm	dsm	df	dm	alpha	recomb	recomb	a	b	v	gen	printgen	range1	range2	inc1	inc2	run	perturb	pertamt	pertgen	Zoff	dA2	sfert
1	0	0	3.336	1	0.5	0.25	0	0.01	1	1	1.3	0.5	0.5	0.18	0.000002	0.3	3000	600	0.25	0.25	5	5	5						
2	0.99	0.1	3.336	1	0	0.25	0	0.01	0.5	0.5	2	0.5	0.5	0.2	0.00007	0.3	3000	600	0.25	0.25	5	5	5						
3	0.99	0.1	3.336	1	0	0.08	0.01	0.01	0.5	0.5	2.3	0.5	0.5	0.2	0.00007	0.3	3000	600	0.25	0.25	5	5	5						
4	0.99	0.1	3.336	1	0.5	0.25	0	0.01	0.5	0.5	1.3	0.5	0.5	0.2	0.00007	0.3	3000	600	0.25	0.25	5	5	5						
7	0.99	0.01	3	1	0.5	0.07	0.01	0	0.1	0.1	2.3	0.5	0.5	0.09	7.00E-05	0.3	100000	5000	10	10	40	40	7	1	0.001	500	0	0	0
9	0.99	0.01	3	1	0.5	0.07	0.01	0	0.1	0.1	2.3	0.5	0.5	0.09	7.00E-05	0.3	100000	5000	10	10	5	5	9	1	0.001	500	0	0	0
10	0.99	0.01	3	1	0.5	0.07	0.01	0	0.1	0.1	2.3	0.5	0.5	0.09	7.00E-05	0.3	100000	5000	1.25	1.25	5	5	10	1	0.001	500	0	0	0
11	0.99	0.01	3	1	0.5	0.07	0.01	0	0.1	0.1	2.3	0.5	0.5	0.09	7.00E-05	0.3	100000	5000	10	10	40	40	7	1	0.001	500	0	0	0
1000000	1	0.01	3	1	0.5	0	0.01	0.01	0.1	0.1	0	0.5	0.5	0.09	7.00E-05	0.3	100000	5000	0.1	4	10	10	1000000						
1000001	1	0.01	3	1	0.5	0	0.01	0.01	0.1	0.1	0	0.5	0.5	0.09	0.0007	0.3	100000	5000	0.1	4	10	10	1000001						
1000010	1	0.01	3	1	0.5	0	0.01	0.01	0.1	0.1	0	0.5	0.5	0.1	7.00E-05	0.3	100000	5000	0.1	4	10	10	1000010						
1000011	1	0.01	3	1	0.5	0	0.01	0.01	0.1	0.1	0	0.5	0.5	0.1	0.0007	0.3	100000	5000	0.1	4	10	10	1000011						
1000100	1	0.01	3	1	0.5	0	0.05	0.01	0.1	0.1	0	0.5	0.5	0.09	7.00E-05	0.3	100000	5000	0.1	4	10	10	1000100						
1000101	1	0.01	3	1	0.5	0	0.05	0.01	0.1	0.1	0	0.5	0.5	0.09	0.0007	0.3	100000	5000	0.1	4	10	10	1000101						
1000110	1	0.01	3	1	0.5	0	0.05	0.01	0.1	0.1	0	0.5	0.5	0.1	7.00E-05	0.3	100000	5000	0.1	4	10	10	1000110						
1000111	1	0.01	3	1	0.5	0	0.05	0.01	0.1	0.1	0	0.5	0.5	0.1	0.0007	0.3	100000	5000	0.1	4	10	10	1000111						
1001000	1	0.01	3	1	0.5	0	0.01	0.01	0.15	0.15	0	0.5	0.5	0.09	7.00E-05	0.3	100000	5000	0.1	4	10	10	1001000						
1001001	1	0.01	3	1	0.5	0	0.01	0.01	0.15	0.15	0	0.5	0.5	0.09	0.0007	0.3	100000	5000	0.1	4	10	10	1001001						
1001010	1	0.01	3	1	0.5	0	0.01	0.01	0.15	0.15	0	0.5	0.5	0.1	7.00E-05	0.3	100000	5000	0.1	4	10	10	1001010						
1001011	1	0.01	3	1	0.5	0	0.01	0.01	0.15	0.15	0	0.5	0.5	0.1	0.0007	0.3	100000	5000	0.1	4	10	10	1001011						
1001100	1	0.01	3	1	0.5	0	0.05	0.01	0.15	0.15	0	0.5	0.5	0.09	7.00E-05	0.3	100000	5000	0.1	4	10	10	1001100						
1001101	1	0.01	3	1	0.5	0	0.05	0.01	0.15	0.15	0	0.5	0.5	0.09	0.0007	0.3	100000	5000	0.1	4	10	10	1001101						
1001110	1	0.01	3	1	0.5	0	0.05	0.01	0.15	0.15	0	0.5	0.5	0.1	7.00E-05	0.3	100000	5000	0.1	4	10	10	1001110						
1001111	1	0.01	3	1	0.5	0	0.05	0.01	0.15	0.15	0	0.5	0.5	0.1	0.0007	0.3	100000	5000	0.1	4	10	10	1001111						
1010000	1	0.01	3	1	1	0	0.01	0.01	0.1	0.1	0	0.5	0.5	0.09	7.00E-05	0.3	100000	5000	0.1	4	10	10	1010000						
1010001	1	0.01	3	1	1	0	0.01	0.01	0.1	0.1	0	0.5	0.5	0.09	0.0007	0.3	100000	5000	0.1	4	10	10	1010001						
1010010	1	0.01	3	1	1	0	0.01	0.01	0.1	0.1	0	0.5	0.5	0.1	7.00E-05	0.3	100000	5000	0.1	4	10	10	1010010						
1010011	1	0.01	3	1	1	0	0.01	0.01	0.1	0.1	0	0.5	0.5	0.1	0.0007	0.3	100000	5000	0.1	4	10	10	1010011						
1010100	1	0.01	3	1	1	0	0.05	0.01	0.1	0.1	0	0.5	0.5	0.09	7.00E-05	0.3	100000	5000	0.1	4	10	10	1010100						
1010101	1	0.01	3	1	1	0	0.05	0.01	0.1	0.1	0	0.5	0.5	0.09	0.0007	0.3	100000	5000	0.1	4	10	10	1010101						
1010110	1	0.01	3	1	1	0	0.05	0.01	0.1	0.1	0	0.5	0.5	0.1	7.00E-05	0.3	100000	5000	0.1	4	10	10	1010110						
1010111	1	0.01	3	1	1	0	0.05	0.01	0.1	0.1	0	0.5	0.5	0.1	0.0007	0.3	100000	5000	0.1	4	10	10	1010111						
1011000	1	0.01	3	1	1	0	0.01	0.01	0.15	0.15	0	0.5	0.5	0.09	7.00E-05	0.3	100000	5000	0.1	4	10	10	1011000						
1011001	1	0.01	3	1	1	0	0.01	0.01	0.15	0.15	0	0.5	0.5	0.09	0.0007	0.3	100000	5000	0.1	4	10	10	1011001						
1011010	1	0.01	3	1	1	0	0.01	0.01	0.15	0.15	0	0.5	0.5	0.1	7.00E-05	0.3	100000	5000	0.1	4	10	10	1011010						
1011011	1	0.01	3	1	1	0	0.01	0.01	0.15	0.15	0	0.5	0.5	0.1	0.0007	0.3	100000	5000	0.1	4	10	10	1011011						
1011100	1	0.01	3	1	1	0	0.05	0.01	0.15	0.15	0	0.5	0.5	0.09	7.00E-05	0.3	100000	5000	0.1	4	10	10	1011100						
1011101	1	0.01	3	1	1	0	0.05	0.01	0.15	0.15	0	0.5	0.5	0.09	0.0007	0.3	100000	5000	0.1	4	10	10	1011101						
1011110	1	0.01	3	1	1	0	0.05	0.01	0.15	0.15	0	0.5	0.5	0.1	7.00E-05	0.3	100000	5000	0.1	4	10	10	1011110						
1011111	1	0.01	3	1	1	0	0.05	0.01	0.15	0.15	0	0.5	0.5	0.1	0.0007	0.3	100000	5000	0.1	4	10	10	1011111						
1100000	0.99	0.01	3	1	0.5	0	0.01	0.01	0.1	0.1	0	0.5	0.5	0.09	7.00E-05	0.3	50000	5000	0.1	4	10	10	1100000						
1100001	0.99	0.01	3	1	0.5	0	0.01	0.01	0.1	0.1	0	0.5	0.5	0.09	0.0007	0.3	50000	5000	0.1	4	10	10	1100001						
1100010	0.99	0.01	3	1	0.5	0	0.01	0.01	0.1	0.1	0	0.5	0.5	0.1	7.00E-05	0.3	50000	5000	0.1	4	10	10	1100010						
1100011	0.99	0.01	3	1	0.5	0	0.01	0.01	0.1	0.1	0	0.5	0.5	0.1	0.0007	0.3	50000	5000	0.1	4	10	10	1100011						
1100100	0.99	0.01	3	1	0.5	0	0.05	0.01	0.1	0.1	0	0.5	0.5	0.09	7.00E-05	0.3	50000	5000	0.1	4	10	10	1100100						
1100101	0.99	0.01	3	1	0.5	0	0.05	0.01	0.1	0.1	0	0.5	0.5	0.09	0.0007	0.3	50000	5000	0.1	4	10	10	1100101						
1100110	0.99	0.01	3	1	0.5	0	0.05	0.01	0.1	0.1	0	0.5	0.5	0.1	7.00E-05	0.3	50000	5000	0.1	4	10	10	1100110						
1100111	0.99	0.01	3	1	0.5	0	0.05	0.01	0.1	0.1	0	0.5	0.5	0.1	0.0007	0.3	50000	5000	0.1	4	10	10	1100111						
1101000	0.99	0.01	3	1	0.5	0	0.01	0.01	0.15	0.15	0	0.5	0.5	0.09	7.00E-05	0.3	50000	5000	0.1	4	10	10	1101000						
1101001	0.99	0.01	3	1	0.5	0	0.01	0.01	0.15	0.15	0	0.5	0.5	0.09	0.0007	0.3	50000	5000	0.1	4	10	10	1101001						
1101010	0.99	0.01	3	1	0.5	0	0.01	0.01	0.15	0.15	0	0.5	0.5	0.1	7.00E-05	0.3	50000	5000	0.1	4	10	10	1101010						
1101011	0.99	0.01	3	1	0.5	0	0.01	0.01	0.15	0.15	0	0.5	0.5	0.1	0.0007	0.3	50000	5000	0.1	4	10	10	1101011						
1101100	0.99	0.01	3	1	0.5	0	0.05	0.01	0.15	0.15	0	0.5	0.5	0.09	7.00E-05	0.3	50000	5000	0.1	4	10	10	1101100						
1101101	0.99	0.01	3	1	0.5	0	0.05	0.01	0.15	0.15	0	0.5	0.5	0.09	0.0007	0.3	50000	5000	0.1	4	10	10	1101101						
1101110	0.99	0.01	3	1	0.5	0	0.05	0.01	0.15	0.15	0	0.5	0.5	0.1	7.00E-05	0.3	50000	5000	0.1	4	10	10	1101110						
1101111	0.99	0.01	3	1	0.5	0	0.05	0.01	0.15	0.15	0	0.5	0.5	0.1	0.0007	0.3	50000	5000	0.1	4	10	10	1101111						
1110000	0.99	0.01	3	1	1	0	0.01	0.01	0.1	0.1	0	0.5	0.5	0.09	7.00E-05	0.3	50000	5000	0.1	4	10	10	1110000						
1110001	0.99	0.01	3	1	1	0	0.01	0.01	0.1	0.1	0	0.5	0.5	0.09	0.0007	0.3	50000	5000	0.1	4	10	10	1110001						
1110010	0.99	0.01	3	1	1	0	0.01	0.01	0.1	0.1	0	0.5	0.5	0.1	7.00E-05	0.3	50000	5000	0.1	4	10	10	1110010						
1110011	0.99	0.01	3	1	1	0	0.01	0.01	0.1	0.1	0	0.5	0.5	0.1	0.0007	0.3	50000	5000	0.1	4	10	10	1110011						
1110100	0.99	0.01	3	1	1	0	0.05	0.01	0.1	0.1	0	0.5	0.5	0.09	7.00E-05	0.3	50000	5000	0.1	4	10	10	1110100						
1110101	0.99	0.01	3	1	1	0	0.05	0.01	0.1	0.1	0	0.5	0.5	0.09	0.0007	0.3	50000	5000	0.1	4	10	10	1110101						
1110110	0.99	0.01	3	1	1	0	0.05	0.01	0.1	0.1	0	0.5	0.5	0.1	7.00E-05	0.3	50000	5000	0.1	4	10	10	1110110						
1110111	0.99	0.01	3	1	1	0	0.05	0.01	0.1	0.1	0	0.5	0.5	0.1	0.0007	0.3	50000	5000	0.1	4	10	10	1110111						
1111000	0.99	0.01	3	1	1	0	0.01	0.01	0.15	0.15	0	0.5	0.5	0.09	7.00E-05	0.3	50000	5000	0.1	4	10	10	1111000						
1111001	0.99	0.01	3	1	1	0	0.01	0.01	0.15	0.15	0	0.5	0.5	0.09	0.0007	0.3	50000	5000	0.1	4	10	10	1111001						
1111010	0.99	0.01	3	1	1	0	0.01	0.01	0.15	0.15	0	0.5	0.5	0.1	7.00E-05	0.3	50000	5000	0.1	4	10	10	1111010						
1111011	0.99	0.01	3	1	1	0	0.01	0.01	0.15	0.15	0	0.5	0.5	0.1	0.0007	0.3	50000	5000	0.1	4	10	10	1111011						
1111100	0.99	0.01	3	1	1	0	0.05	0.01	0.15	0.15	0	0.5	0.5	0.09	7.00E-05	0.3	50000	5000	0.1	4	10	10	1111100						
1111101	0.99	0.01	3	1	1	0	0.05	0.01	0.15	0.15	0	0.5	0.5	0.09	0.0007	0.3	50000	5000	0.1	4	10	10	1111101						
1111110	0.99	0.01	3	1	1	0	0.05	0.01	0.15	0.15	0	0.5	0.5	0.1	7.00E-05	0.3	50000	5000	0.1	4	10	10	1111110						
1111111	0.99	0.01	3	1	1	0	0.05	0.01	0.15	0.15	0	0.5	0.5	0.1	0.0007	0.3	50000	5000	0.1	4	10	10	1111111						
1200000	0.99	0.01	3	1	0.5	0	0.01	0.01	0.1	0.1	0	0.5	0.5	0.09	7.00E-05	0.3	50000	5000	0.1	4	10	10	1200000						
1200001	0.99	0.01	3	1	0.5	0	0.01	0.01	0.1	0.1	0	0.5	0.5	0.09	0.0007	0.3	50000	5000	0.1	4	10	10	1200001						
1200010	0.99	0.01	3	1	0.5	0	0.01	0.01	0.1	0.1	0	0.5	0.5	0.1	7.00E-05	0.3	50000	5000	0.1	4	10	10	1200010						
1200011	0.99	0.01	3	1	0.5	0	0.01	0.01	0.1	0.1	0	0.5	0.5	0.1	0.0007	0.3	50000	5000	0.1	4	10	10	1200011						
1200100	0.99	0.01	3	1	0.5	0	0.05	0.01	0.1	0.1	0	0.5	0.5	0.09	7.00E-05	0.3	50000	5000	0.1	4	10	10	1200100						
1200101	0.99	0.01	3	1	0.5	0	0.05	0.01	0.1	0.1	0	0.5	0.5	0.09	0.0007	0.3	50000	5000	0.1	4	10	10	1200101						
1200110	0.99	0.01	3	1	0.5	0	0.05	0.01	0.1	0.1	0	0.5	0.5	0.1	7.00E-05	0.3	50000	5000	0.1	4	10	10	1200110						
1200111	0.99	0.01	3	1	0.5	0	0.05	0.01	0.1	0.1	0	0.5	0.5	0.1	0.0007	0.3	50000	5000	0.1	4	10	10	1200111						
1201000	0.99	0.01	3	1	0.5	0	0.01	0.01	0.15	0.15	0	0.5	0.5	0.09	7.00E-05	0.3	50000	5000	0.1	4	10	10	1201000						
1201001	0.99	0.01	3	1	0.5	0	0.01	0.01	0.15	0.15	0	0.5	0.5	0.09	0.0007	0.3	50000	5000	0.1	4	10	10	1201001						
1201010	0.99	0.01	3	1	0.5	0	0.01	0.01	0.15	0.15	0	0.5	0.5	0.1	7.00E-05	0.3	50000	5000	0.1	4	10	10	1201010						
1201011	0.99	0.01	3	1	0.5	0	0.01	0.01	0.15	0.15	0	0.5	0.5	0.1	0.0007	0.3	50000	5000	0.1	4	10	10	1201011						
1201100	0.99	0.01	3	1	0.5	0	0.05	0.01	0.15	0.15	0	0.5	0.5	0.09	7.00E-05	0.3	50000	5000	0.1	4	10	10	1201100						
1201101	0.99	0.01	3	1	0.5	0	0.05	0.01	0.15	0.15	0	0.5	0.5	0.09	0.0007	0.3	50000	5000	0.1	4	10	10	1201101						
1201110	0.99	0.01	3	1	0.5	0	0.05	0.01	0.15	0.15	0	0.5	0.5	0.1	7.00E-05	0.3	50000	5000	0.1	4	10	10	1201110						
1201111	0.99	0.01	3	1	0.5	0	0.05	0.01	0.15	0.15	0	0.5	0.5	0.1	0.0007	0.3	50000	5000	0.1	4	10	10	1201111						
1210000	0.99	0.01	3	1	1	0	0.01	0.01	0.1	0.1	0	0.5	0.5	0.09	7.00E-05	0.3	50000	5000	0.1	4	10	10	1210000						
1210001	0.99	0.01	3	1	1	0	0.01	0.01	0.1	0.1	0	0.5	0.5	0.09	0.0007	0.3	50000	5000	0.1	4	10	10	1210001						
1210010	0.99	0.01	3	1	1	0	0.01	0.01	0.1	0.1	0	0.5	0.5	0.1	7.00E-05	0.3	50000	5000	0.1	4	10	10	1210010						
1210011	0.99	0.01	3	1	1	0	0.01	0.01	0.1	0.1	0	0.5	0.5	0.1	0.0007	0.3	50000	5000	0.1	4	10	10	1210011						
1210100	0.99	0.01	3	1	1	0	0.05	0.01	0.1	0.1	0	0.5	0.5	0.09	7.00E-05	0.3	50000	5000	0.1	4	10	10	1210100						
1210101	0.99	0.01	3	1	1	0	0.05	0.01	0.1	0.1	0	0.5	0.5	0.09	0.0007	0.3	50000	5000	0.1	4	10	10	1210101						
1210110	0.99	0.01	3	1	1	0	0.05	0.01	0.1	0.1	0	0.5	0.5	0.1	7.00E-05	0.3	50000	5000	0.1	4	10	10	1210110						
1210111	0.99	0.01	3	1	1	0	0.05	0.01	0.1	0.1	0	0.5	0.5	0.1	0.0007	0.3	50000	5000	0.1	4	10	10	1210111						
1211000	0.99	0.01	3	1	1	0	0.01	0.01	0.15	0.15	0	0.5	0.5	0.09	7.00E-05	0.3	50000	5000	0.1	4	10	10	1211000						
1211001	0.99	0.01	3	1	1	0	0.01	0.01	0.15	0.15	0	0.5	0.5	0.09	0.0007	0.3	50000	5000	0.1	4	10	10	1211001						
1211010	0.99	0.01	3	1	1	0	0.01	0.01	0.15	0.15	0	0.5	0.5	0.1	7.00E-05	0.3	50000	5000	0.1	4	10	10	1211010						
1211011	0.99	0.01	3	1	1	0	0.01	0.01	0.15	0.15	0	0.5	0.5	0.1	0.0007	0.3	50000	5000	0.1	4	10	10	1211011						
1211100	0.99	0.01	3	1	1	0	0.05	0.01	0.15	0.15	0	0.5	0.5	0.09	7.00E-05	0.3	50000	5000	0.1	4	10	10	1211100						
1211101	0.99	0.01	3	1	1	0	0.05	0.01	0.15	0.15	0	0.5	0.5	0.09	0.0007	0.3	50000	5000	0.1	4	10	10	1211101						
1211110	0.99	0.01	3	1	1	0	0.05	0.01	0.15	0.15	0	0.5	0.5	0.1	7.00E-05	0.3	50000	5000	0.1	4	10	10	1211110						
1211111	0.99	0.01	3	1	1	0	0.05	0.01	0.15	0.15	0	0.5	0.5	0.1	0.0007	0.3	50000	5000	0.1	4	10	10	1211111						
1300000	0.99	0.01	3	1	0.5	0	0.01	0.01	0.1	0.1	0	0.5	0.5	0.09	7.00E-05	0.3	50000	5000	0.1	4	10	10	1300000						
1300001	0.99	0.01	3	1	0.5	0	0.01	0.01	0.1	0.1	0	0.5	0.5	0.09	0.0007	0.3	50000	5000	0.1	4	10	10	1300001						
1300010	0.99	0.01	3	1	0.5	0	0.01	0.01	0.1	0.1	0	0.5	0.5	0.1	7.00E-05	0.3	50000	5000	0.1	4	10	10	1300010						
1300011	0.99	0.01	3	1	0.5	0	0.01	0.01	0.1	0.1	0	0.5	0.5	0.1	0.0007	0.3	50000	5000	0.1	4	10	10	1300011						
1300100	0.99	0.01	3	1	0.5	0	0.05	0.01	0.1	0.1	0	0.5	0.5	0.09	7.00E-05	0.3	50000	5000	0.1	4	10	10	1300100						
1300101	0.99	0.01	3	1	0.5	0	0.05	0.01	0.1	0.1	0	0.5	0.5	0.09	0.0007	0.3	50000	5000	0.1	4	10	10	1300101						
1300110	0.99	0.01	3	1	0.5	0	0.05	0.01	0.1	0.1	0	0.5	0.5	0.1	7.00E-05	0.3	50000	5000	0.1	4	10	10	1300110						
1300111	0.99	0.01	3	1	0.5	0	0.05	0.01	0.1	0.1	0	0.5	0.5	0.1	0.0007	0.3	50000	5000	0.1	4	10	10	1300111						
1301000	0.99	0.01	3	1	0.5	0	0.01	0.01	0.15	0.15	0	0.5	0.5	0.09	7.00E-05	0.3	50000	5000	0.1	4	10	10	1301000						
1301001	0.99	0.01	3	1	0.5	0	0.01	0.01	0.15	0.15	0	0.5	0.5	0.09	0.0007	0.3	50000	5000	0.1	4	10	10	1301001						
1301010	0.99	0.01	3	1	0.5	0	0.01	0.01	0.15	0.15	0	0.5	0.5	0.1	7.00E-05	0.3	50000	5000	0.1	4	10	10	1301010						
1301011	0.99	0.01	3	1	0.5	0	0.01	0.01	0.15	0.15	0	0.5	0.5	0.1	0.0007	0.3	50000	5000	0.1	4	10	10	1301011						
1301100	0.99	0.01	3	1	0.5	0	0.05	0.01	0.15	0.15	0	0.5	0.5	0.09	7.00E-05	0.3	50000	5000	0.1	4	10	10	1301100						
1301101	0.99	0.01	3	1	0.5	0	0.05	0.01	0.15	0.15	0	0.5	0.5	0.09	0.0007	0.3	50000	5000	0.1	4	10	10	1301101						
1301110	0.99	0.01	3	1	0.5	0	0.05	0.01	0.15	0.15	0	0.5	0.5	0.1	7.00E-05	0.3	50000	5000	0.1	4	10	10	1301110						
1301111	0.99	0.01	3	1	0.5	0	0.05	0.01	0.15	0.15	0	0.5	0.5	0.1	0.0007	0.3	50000	5000	0.1	4	10	10	1301111						
1310000	0.99	0.01	3	1	1	0	0.01	0.01	0.1	0.1	0	0.5	0.5	0.09	7.00E-05	0.3	50000	5000	0.1	4	10	10	110000						
1310001	0.99	0.01	3	1	1	0	0.01	0.01	0.1	0.1	0	0.5	0.5	0.09	0.0007	0.3	50000	5000	0.1	4	10	10	110001						
1310010	0.99	0.01	3	1	1	0	0.01	0.01	0.1	0.1	0	0.5	0.5	0.1	7.00E-05	0.3	50000	5000	0.1	4	10	10	110010						
1310011	0.99	0.01	3	1	1	0	0.01	0.01	0.1	0.1	0	0.5	0.5	0.1	0.0007	0.3	50000	5000	0.1	4	10	10	110011						
1310100	0.99	0.01	3	1	1	0	0.05	0.01	0.1	0.1	0	0.5	0.5	0.09	7.00E-05	0.3	50000	5000	0.1	4	10	10	110100						
1310101	0.99	0.01	3	1	1	0	0.05	0.01	0.1	0.1	0	0.5	0.5	0.09	0.0007	0.3	50000	5000	0.1	4	10	10	110101						
1310110	0.99	0.01	3	1	1	0	0.05	0.01	0.1	0.1	0	0.5	0.5	0.1	7.00E-05	0.3	50000	5000	0.1	4	10	10	110110						
1310111	0.99	0.01	3	1	1	0	0.05	0.01	0.1	0.1	0	0.5	0.5	0.1	0.0007	0.3	50000	5000	0.1	4	10	10	110111						
1311000	0.99	0.01	3	1	1	0	0.01	0.01	0.15	0.15	0	0.5	0.5	0.09	7.00E-05	0.3	50000	5000	0.1	4	10	10	111000						
1311001	0.99	0.01	3	1	1	0	0.01	0.01	0.15	0.15	0	0.5	0.5	0.09	0.0007	0.3	50000	5000	0.1	4	10	10	111001						
1311010	0.99	0.01	3	1	1	0	0.01	0.01	0.15	0.15	0	0.5	0.5	0.1	7.00E-05	0.3	50000	5000	0.1	4	10	10	111010						
1311011	0.99	0.01	3	1	1	0	0.01	0.01	0.15	0.15	0	0.5	0.5	0.1	0.0007	0.3	50000	5000	0.1	4	10	10	111011						
1311100	0.99	0.01	3	1	1	0	0.05	0.01	0.15	0.15	0	0.5	0.5	0.09	7.00E-05	0.3	50000	5000	0.1	4	10	10	111100						
1311101	0.99	0.01	3	1	1	0	0.05	0.01	0.15	0.15	0	0.5	0.5	0.09	0.0007	0.3	50000	5000	0.1	4	10	10	111101						
1311110	0.99	0.01	3	1	1	0	0.05	0.01	0.15	0.15	0	0.5	0.5	0.1	7.00E-05	0.3	50000	5000	0.1	4	10	10	111110						
1311111	0.99	0.01	3	1	1	0	0.05	0.01	0.15	0.15	0	0.5	0.5	0.1	0.0007	0.3	50000	5000	0.1	4	10	10	111111						
2000000	1	0.01	3	1	0.5	0	0.01	0.01	0.1	0.1	0	0.5	0.5	0.09	7.00E-05	0.3	100000	5000	0.1	4	10	10	2000000						
2000001	1	0.01	3	1	0.5	0	0.01	0.01	0.1	0.1	0	0.5	0.5	0.09	0.0007	0.3	100000	5000	0.1	4	10	10	2000001						
2000010	1	0.01	3	1	0.5	0	0.01	0.01	0.1	0.1	0	0.5	0.5	0.1	7.00E-05	0.3	100000	5000	0.1	4	10	10	2000010						
2000011	1	0.01	3	1	0.5	0	0.01	0.01	0.1	0.1	0	0.5	0.5	0.1	0.0007	0.3	100000	5000	0.1	4	10	10	2000011						
2000100	1	0.01	3	1	0.5	0	0.05	0.01	0.1	0.1	0	0.5	0.5	0.09	7.00E-05	0.3	100000	5000	0.1	4	10	10	2000100						
2000101	1	0.01	3	1	0.5	0	0.05	0.01	0.1	0.1	0	0.5	0.5	0.09	0.0007	0.3	100000	5000	0.1	4	10	10	2000101						
2000110	1	0.01	3	1	0.5	0	0.05	0.01	0.1	0.1	0	0.5	0.5	0.1	7.00E-05	0.3	100000	5000	0.1	4	10	10	2000110						
2000111	1	0.01	3	1	0.5	0	0.05	0.01	0.1	0.1	0	0.5	0.5	0.1	0.0007	0.3	100000	5000	0.1	4	10	10	2000111						
2001000	1	0.01	3	1	0.5	0	0.01	0.01	0.15	0.15	0	0.5	0.5	0.09	7.00E-05	0.3	100000	5000	0.1	4	10	10	2001000						
2001001	1	0.01	3	1	0.5	0	0.01	0.01	0.15	0.15	0	0.5	0.5	0.09	0.0007	0.3	100000	5000	0.1	4	10	10	2001001						
2001010	1	0.01	3	1	0.5	0	0.01	0.01	0.15	0.15	0	0.5	0.5	0.1	7.00E-05	0.3	100000	5000	0.1	4	10	10	2001010						
2001011	1	0.01	3	1	0.5	0	0.01	0.01	0.15	0.15	0	0.5	0.5	0.1	0.0007	0.3	100000	5000	0.1	4	10	10	2001011						
2001100	1	0.01	3	1	0.5	0	0.05	0.01	0.15	0.15	0	0.5	0.5	0.09	7.00E-05	0.3	100000	5000	0.1	4	10	10	2001100						
2001101	1	0.01	3	1	0.5	0	0.05	0.01	0.15	0.15	0	0.5	0.5	0.09	0.0007	0.3	100000	5000	0.1	4	10	10	2001101						
2001110	1	0.01	3	1	0.5	0	0.05	0.01	0.15	0.15	0	0.5	0.5	0.1	7.00E-05	0.3	100000	5000	0.1	4	10	10	2001110						
2001111	1	0.01	3	1	0.5	0	0.05	0.01	0.15	0.15	0	0.5	0.5	0.1	0.0007	0.3	100000	5000	0.1	4	10	10	2001111						
2010000	1	0.01	3	1	1	0	0.01	0.01	0.1	0.1	0	0.5	0.5	0.09	7.00E-05	0.3	100000	5000	0.1	4	10	10	2010000						
2010001	1	0.01	3	1	1	0	0.01	0.01	0.1	0.1	0	0.5	0.5	0.09	0.0007	0.3	100000	5000	0.1	4	10	10	2010001						
2010010	1	0.01	3	1	1	0	0.01	0.01	0.1	0.1	0	0.5	0.5	0.1	7.00E-05	0.3	100000	5000	0.1	4	10	10	2010010						
2010011	1	0.01	3	1	1	0	0.01	0.01	0.1	0.1	0	0.5	0.5	0.1	0.0007	0.3	100000	5000	0.1	4	10	10	2010011						
2010100	1	0.01	3	1	1	0	0.05	0.01	0.1	0.1	0	0.5	0.5	0.09	7.00E-05	0.3	100000	5000	0.1	4	10	10	2010100						
2010101	1	0.01	3	1	1	0	0.05	0.01	0.1	0.1	0	0.5	0.5	0.09	0.0007	0.3	100000	5000	0.1	4	10	10	2010101						
2010110	1	0.01	3	1	1	0	0.05	0.01	0.1	0.1	0	0.5	0.5	0.1	7.00E-05	0.3	100000	5000	0.1	4	10	10	2010110						
2010111	1	0.01	3	1	1	0	0.05	0.01	0.1	0.1	0	0.5	0.5	0.1	0.0007	0.3	100000	5000	0.1	4	10	10	2010111						
2011000	1	0.01	3	1	1	0	0.01	0.01	0.15	0.15	0	0.5	0.5	0.09	7.00E-05	0.3	100000	5000	0.1	4	10	10	2011000						
2011001	1	0.01	3	1	1	0	0.01	0.01	0.15	0.15	0	0.5	0.5	0.09	0.0007	0.3	100000	5000	0.1	4	10	10	2011001						
2011010	1	0.01	3	1	1	0	0.01	0.01	0.15	0.15	0	0.5	0.5	0.1	7.00E-05	0.3	100000	5000	0.1	4	10	10	2011010						
2011011	1	0.01	3	1	1	0	0.01	0.01	0.15	0.15	0	0.5	0.5	0.1	0.0007	0.3	100000	5000	0.1	4	10	10	2011011						
2011100	1	0.01	3	1	1	0	0.05	0.01	0.15	0.15	0	0.5	0.5	0.09	7.00E-05	0.3	100000	5000	0.1	4	10	10	2011100						
2011101	1	0.01	3	1	1	0	0.05	0.01	0.15	0.15	0	0.5	0.5	0.09	0.0007	0.3	100000	5000	0.1	4	10	10	2011101						
2011110	1	0.01	3	1	1	0	0.05	0.01	0.15	0.15	0	0.5	0.5	0.1	7.00E-05	0.3	100000	5000	0.1	4	10	10	2011110						
2011111	1	0.01	3	1	1	0	0.05	0.01	0.15	0.15	0	0.5	0.5	0.1	0.0007	0.3	100000	5000	0.1	4	10	10	2011111						
2100000	0.99	0.01	3	1	0.5	0	0.01	0.01	0.1	0.1	0	0.5	0.5	0.09	7.00E-05	0.3	50000	5000	0.1	4	10	10	2100000						
2100001	0.99	0.01	3	1	0.5	0	0.01	0.01	0.1	0.1	0	0.5	0.5	0.09	0.0007	0.3	50000	5000	0.1	4	10	10	2100001						
2100010	0.99	0.01	3	1	0.5	0	0.01	0.01	0.1	0.1	0	0.5	0.5	0.1	7.00E-05	0.3	50000	5000	0.1	4	10	10	2100010						
2100011	0.99	0.01	3	1	0.5	0	0.01	0.01	0.1	0.1	0	0.5	0.5	0.1	0.0007	0.3	50000	5000	0.1	4	10	10	2100011						
2100100	0.99	0.01	3	1	0.5	0	0.05	0.01	0.1	0.1	0	0.5	0.5	0.09	7.00E-05	0.3	50000	5000	0.1	4	10	10	2100100						
2100101	0.99	0.01	3	1	0.5	0	0.05	0.01	0.1	0.1	0	0.5	0.5	0.09	0.0007	0.3	50000	5000	0.1	4	10	10	2100101						
2100110	0.99	0.01	3	1	0.5	0	0.05	0.01	0.1	0.1	0	0.5	0.5	0.1	7.00E-05	0.3	50000	5000	0.1	4	10	10	2100110						
2100111	0.99	0.01	3	1	0.5	0	0.05	0.01	0.1	0.1	0	0.5	0.5	0.1	0.0007	0.3	50000	5000	0.1	4	10	10	2100111						
2101000	0.99	0.01	3	1	0.5	0	0.01	0.01	0.15	0.15	0	0.5	0.5	0.09	7.00E-05	0.3	50000	5000	0.1	4	10	10	2101000						
2101001	0.99	0.01	3	1	0.5	0	0.01	0.01	0.15	0.15	0	0.5	0.5	0.09	0.0007	0.3	50000	5000	0.1	4	10	10	2101001						
2101010	0.99	0.01	3	1	0.5	0	0.01	0.01	0.15	0.15	0	0.5	0.5	0.1	7.00E-05	0.3	50000	5000	0.1	4	10	10	2101010						
2101011	0.99	0.01	3	1	0.5	0	0.01	0.01	0.15	0.15	0	0.5	0.5	0.1	0.0007	0.3	50000	5000	0.1	4	10	10	2101011						
2101100	0.99	0.01	3	1	0.5	0	0.05	0.01	0.15	0.15	0	0.5	0.5	0.09	7.00E-05	0.3	50000	5000	0.1	4	10	10	2101100						
2101101	0.99	0.01	3	1	0.5	0	0.05	0.01	0.15	0.15	0	0.5	0.5	0.09	0.0007	0.3	50000	5000	0.1	4	10	10	2101101						
2101110	0.99	0.01	3	1	0.5	0	0.05	0.01	0.15	0.15	0	0.5	0.5	0.1	7.00E-05	0.3	50000	5000	0.1	4	10	10	2101110						
2101111	0.99	0.01	3	1	0.5	0	0.05	0.01	0.15	0.15	0	0.5	0.5	0.1	0.0007	0.3	50000	5000	0.1	4	10	10	2101111						
2110000	0.99	0.01	3	1	1	0	0.01	0.01	0.1	0.1	0	0.5	0.5	0.09	7.00E-05	0.3	50000	5000	0.1	4	10	10	2110000						
2110001	0.99	0.01	3	1	1	0	0.01	0.01	0.1	0.1	0	0.5	0.5	0.09	0.0007	0.3	50000	5000	0.1	4	10	10	2110001						
2110010	0.99	0.01	3	1	1	0	0.01	0.01	0.1	0.1	0	0.5	0.5	0.1	7.00E-05	0.3	50000	5000	0.1	4	10	10	2110010						
2110011	0.99	0.01	3	1	1	0	0.01	0.01	0.1	0.1	0	0.5	0.5	0.1	0.0007	0.3	50000	5000	0.1	4	10	10	2110011						
2110100	0.99	0.01	3	1	1	0	0.05	0.01	0.1	0.1	0	0.5	0.5	0.09	7.00E-05	0.3	50000	5000	0.1	4	10	10	2110100						
2110101	0.99	0.01	3	1	1	0	0.05	0.01	0.1	0.1	0	0.5	0.5	0.09	0.0007	0.3	50000	5000	0.1	4	10	10	2110101						
2110110	0.99	0.01	3	1	1	0	0.05	0.01	0.1	0.1	0	0.5	0.5	0.1	7.00E-05	0.3	50000	5000	0.1	4	10	10	2110110						
2110111	0.99	0.01	3	1	1	0	0.05	0.01	0.1	0.1	0	0.5	0.5	0.1	0.0007	0.3	50000	5000	0.1	4	10	10	2110111						
2111000	0.99	0.01	3	1	1	0	0.01	0.01	0.15	0.15	0	0.5	0.5	0.09	7.00E-05	0.3	50000	5000	0.1	4	10	10	2111000						
2111001	0.99	0.01	3	1	1	0	0.01	0.01	0.15	0.15	0	0.5	0.5	0.09	0.0007	0.3	50000	5000	0.1	4	10	10	2111001						
2111010	0.99	0.01	3	1	1	0	0.01	0.01	0.15	0.15	0	0.5	0.5	0.1	7.00E-05	0.3	50000	5000	0.1	4	10	10	2111010						
2111011	0.99	0.01	3	1	1	0	0.01	0.01	0.15	0.15	0	0.5	0.5	0.1	0.0007	0.3	50000	5000	0.1	4	10	10	2111011						
2111100	0.99	0.01	3	1	1	0	0.05	0.01	0.15	0.15	0	0.5	0.5	0.09	7.00E-05	0.3	50000	5000	0.1	4	10	10	2111100						
2111101	0.99	0.01	3	1	1	0	0.05	0.01	0.15	0.15	0	0.5	0.5	0.09	0.0007	0.3	50000	5000	0.1	4	10	10	2111101						
2111110	0.99	0.01	3	1	1	0	0.05	0.01	0.15	0.15	0	0.5	0.5	0.1	7.00E-05	0.3	50000	5000	0.1	4	10	10	2111110						
2111111	0.99	0.01	3	1	1	0	0.05	0.01	0.15	0.15	0	0.5	0.5	0.1	0.0007	0.3	50000	5000	0.1	4	10	10	2111111						
2200000	0.99	0.01	3	1	0.5	0	0.01	0.01	0.1	0.1	0	0.5	0.5	0.09	7.00E-05	0.3	50000	5000	0.1	4	10	10	2200000						
2200001	0.99	0.01	3	1	0.5	0	0.01	0.01	0.1	0.1	0	0.5	0.5	0.09	0.0007	0.3	50000	5000	0.1	4	10	10	2200001						
2200010	0.99	0.01	3	1	0.5	0	0.01	0.01	0.1	0.1	0	0.5	0.5	0.1	7.00E-05	0.3	50000	5000	0.1	4	10	10	2200010						
2200011	0.99	0.01	3	1	0.5	0	0.01	0.01	0.1	0.1	0	0.5	0.5	0.1	0.0007	0.3	50000	5000	0.1	4	10	10	2200011						
2200100	0.99	0.01	3	1	0.5	0	0.05	0.01	0.1	0.1	0	0.5	0.5	0.09	7.00E-05	0.3	50000	5000	0.1	4	10	10	2200100						
2200101	0.99	0.01	3	1	0.5	0	0.05	0.01	0.1	0.1	0	0.5	0.5	0.09	0.0007	0.3	50000	5000	0.1	4	10	10	2200101						
2200110	0.99	0.01	3	1	0.5	0	0.05	0.01	0.1	0.1	0	0.5	0.5	0.1	7.00E-05	0.3	50000	5000	0.1	4	10	10	2200110						
2200111	0.99	0.01	3	1	0.5	0	0.05	0.01	0.1	0.1	0	0.5	0.5	0.1	0.0007	0.3	50000	5000	0.1	4	10	10	2200111						
2201000	0.99	0.01	3	1	0.5	0	0.01	0.01	0.15	0.15	0	0.5	0.5	0.09	7.00E-05	0.3	50000	5000	0.1	4	10	10	2201000						
2201001	0.99	0.01	3	1	0.5	0	0.01	0.01	0.15	0.15	0	0.5	0.5	0.09	0.0007	0.3	50000	5000	0.1	4	10	10	2201001						
2201010	0.99	0.01	3	1	0.5	0	0.01	0.01	0.15	0.15	0	0.5	0.5	0.1	7.00E-05	0.3	50000	5000	0.1	4	10	10	2201010						
2201011	0.99	0.01	3	1	0.5	0	0.01	0.01	0.15	0.15	0	0.5	0.5	0.1	0.0007	0.3	50000	5000	0.1	4	10	10	2201011						
2201100	0.99	0.01	3	1	0.5	0	0.05	0.01	0.15	0.15	0	0.5	0.5	0.09	7.00E-05	0.3	50000	5000	0.1	4	10	10	2201100						
2201101	0.99	0.01	3	1	0.5	0	0.05	0.01	0.15	0.15	0	0.5	0.5	0.09	0.0007	0.3	50000	5000	0.1	4	10	10	2201101						
2201110	0.99	0.01	3	1	0.5	0	0.05	0.01	0.15	0.15	0	0.5	0.5	0.1	7.00E-05	0.3	50000	5000	0.1	4	10	10	2201110						
2201111	0.99	0.01	3	1	0.5	0	0.05	0.01	0.15	0.15	0	0.5	0.5	0.1	0.0007	0.3	50000	5000	0.1	4	10	10	2201111						
2210000	0.99	0.01	3	1	1	0	0.01	0.01	0.1	0.1	0	0.5	0.5	0.09	7.00E-05	0.3	50000	5000	0.1	4	10	10	2210000						
2210001	0.99	0.01	3	1	1	0	0.01	0.01	0.1	0.1	0	0.5	0.5	0.09	0.0007	0.3	50000	5000	0.1	4	10	10	2210001						
2210010	0.99	0.01	3	1	1	0	0.01	0.01	0.1	0.1	0	0.5	0.5	0.1	7.00E-05	0.3	50000	5000	0.1	4	10	10	2210010						
2210011	0.99	0.01	3	1	1	0	0.01	0.01	0.1	0.1	0	0.5	0.5	0.1	0.0007	0.3	50000	5000	0.1	4	10	10	2210011						
2210100	0.99	0.01	3	1	1	0	0.05	0.01	0.1	0.1	0	0.5	0.5	0.09	7.00E-05	0.3	50000	5000	0.1	4	10	10	2210100						
2210101	0.99	0.01	3	1	1	0	0.05	0.01	0.1	0.1	0	0.5	0.5	0.09	0.0007	0.3	50000	5000	0.1	4	10	10	2210101						
2210110	0.99	0.01	3	1	1	0	0.05	0.01	0.1	0.1	0	0.5	0.5	0.1	7.00E-05	0.3	50000	5000	0.1	4	10	10	2210110						
2210111	0.99	0.01	3	1	1	0	0.05	0.01	0.1	0.1	0	0.5	0.5	0.1	0.0007	0.3	50000	5000	0.1	4	10	10	2210111						
2211000	0.99	0.01	3	1	1	0	0.01	0.01	0.15	0.15	0	0.5	0.5	0.09	7.00E-05	0.3	50000	5000	0.1	4	10	10	2211000						
2211001	0.99	0.01	3	1	1	0	0.01	0.01	0.15	0.15	0	0.5	0.5	0.09	0.0007	0.3	50000	5000	0.1	4	10	10	2211001						
2211010	0.99	0.01	3	1	1	0	0.01	0.01	0.15	0.15	0	0.5	0.5	0.1	7.00E-05	0.3	50000	5000	0.1	4	10	10	2211010						
2211011	0.99	0.01	3	1	1	0	0.01	0.01	0.15	0.15	0	0.5	0.5	0.1	0.0007	0.3	50000	5000	0.1	4	10	10	2211011						
2211100	0.99	0.01	3	1	1	0	0.05	0.01	0.15	0.15	0	0.5	0.5	0.09	7.00E-05	0.3	50000	5000	0.1	4	10	10	2211100						
2211101	0.99	0.01	3	1	1	0	0.05	0.01	0.15	0.15	0	0.5	0.5	0.09	0.0007	0.3	50000	5000	0.1	4	10	10	2211101						
2211110	0.99	0.01	3	1	1	0	0.05	0.01	0.15	0.15	0	0.5	0.5	0.1	7.00E-05	0.3	50000	5000	0.1	4	10	10	2211110						
2211111	0.99	0.01	3	1	1	0	0.05	0.01	0.15	0.15	0	0.5	0.5	0.1	0.0007	0.3	50000	5000	0.1	4	10	10	2211111						
2300000	0.99	0.01	3	1	0.5	0	0.01	0.01	0.1	0.1	0	0.5	0.5	0.09	7.00E-05	0.3	50000	5000	0.1	4	10	10	2300000						
2300001	0.99	0.01	3	1	0.5	0	0.01	0.01	0.1	0.1	0	0.5	0.5	0.09	0.0007	0.3	50000	5000	0.1	4	10	10	2300001						
2300010	0.99	0.01	3	1	0.5	0	0.01	0.01	0.1	0.1	0	0.5	0.5	0.1	7.00E-05	0.3	50000	5000	0.1	4	10	10	2300010						
2300011	0.99	0.01	3	1	0.5	0	0.01	0.01	0.1	0.1	0	0.5	0.5	0.1	0.0007	0.3	50000	5000	0.1	4	10	10	2300011						
2300100	0.99	0.01	3	1	0.5	0	0.05	0.01	0.1	0.1	0	0.5	0.5	0.09	7.00E-05	0.3	50000	5000	0.1	4	10	10	2300100						
2300101	0.99	0.01	3	1	0.5	0	0.05	0.01	0.1	0.1	0	0.5	0.5	0.09	0.0007	0.3	50000	5000	0.1	4	10	10	2300101						
2300110	0.99	0.01	3	1	0.5	0	0.05	0.01	0.1	0.1	0	0.5	0.5	0.1	7.00E-05	0.3	50000	5000	0.1	4	10	10	2300110						
2300111	0.99	0.01	3	1	0.5	0	0.05	0.01	0.1	0.1	0	0.5	0.5	0.1	0.0007	0.3	50000	5000	0.1	4	10	10	2300111						
2301000	0.99	0.01	3	1	0.5	0	0.01	0.01	0.15	0.15	0	0.5	0.5	0.09	7.00E-05	0.3	50000	5000	0.1	4	10	10	2301000						
2301001	0.99	0.01	3	1	0.5	0	0.01	0.01	0.15	0.15	0	0.5	0.5	0.09	0.0007	0.3	50000	5000	0.1	4	10	10	2301001						
2301010	0.99	0.01	3	1	0.5	0	0.01	0.01	0.15	0.15	0	0.5	0.5	0.1	7.00E-05	0.3	50000	5000	0.1	4	10	10	2301010						
2301011	0.99	0.01	3	1	0.5	0	0.01	0.01	0.15	0.15	0	0.5	0.5	0.1	0.0007	0.3	50000	5000	0.1	4	10	10	2301011						
2301100	0.99	0.01	3	1	0.5	0	0.05	0.01	0.15	0.15	0	0.5	0.5	0.09	7.00E-05	0.3	50000	5000	0.1	4	10	10	2301100						
2301101	0.99	0.01	3	1	0.5	0	0.05	0.01	0.15	0.15	0	0.5	0.5	0.09	0.0007	0.3	50000	5000	0.1	4	10	10	2301101						
2301110	0.99	0.01	3	1	0.5	0	0.05	0.01	0.15	0.15	0	0.5	0.5	0.1	7.00E-05	0.3	50000	5000	0.1	4	10	10	2301110						
2301111	0.99	0.01	3	1	0.5	0	0.05	0.01	0.15	0.15	0	0.5	0.5	0.1	0.0007	0.3	50000	5000	0.1	4	10	10	2301111						
2310000	0.99	0.01	3	1	1	0	0.01	0.01	0.1	0.1	0	0.5	0.5	0.09	7.00E-05	0.3	50000	5000	0.1	4	10	10	2310000						
2310001	0.99	0.01	3	1	1	0	0.01	0.01	0.1	0.1	0	0.5	0.5	0.09	0.0007	0.3	50000	5000	0.1	4	10	10	2310001						
2310010	0.99	0.01	3	1	1	0	0.01	0.01	0.1	0.1	0	0.5	0.5	0.1	7.00E-05	0.3	50000	5000	0.1	4	10	10	2310010						
2310011	0.99	0.01	3	1	1	0	0.01	0.01	0.1	0.1	0	0.5	0.5	0.1	0.0007	0.3	50000	5000	0.1	4	10	10	2310011						
2310100	0.99	0.01	3	1	1	0	0.05	0.01	0.1	0.1	0	0.5	0.5	0.09	7.00E-05	0.3	50000	5000	0.1	4	10	10	2310100						
2310101	0.99	0.01	3	1	1	0	0.05	0.01	0.1	0.1	0	0.5	0.5	0.09	0.0007	0.3	50000	5000	0.1	4	10	10	2310101						
2310110	0.99	0.01	3	1	1	0	0.05	0.01	0.1	0.1	0	0.5	0.5	0.1	7.00E-05	0.3	50000	5000	0.1	4	10	10	2310110						
2310111	0.99	0.01	3	1	1	0	0.05	0.01	0.1	0.1	0	0.5	0.5	0.1	0.0007	0.3	50000	5000	0.1	4	10	10	2310111						
2311000	0.99	0.01	3	1	1	0	0.01	0.01	0.15	0.15	0	0.5	0.5	0.09	7.00E-05	0.3	50000	5000	0.1	4	10	10	2311000						
2311001	0.99	0.01	3	1	1	0	0.01	0.01	0.15	0.15	0	0.5	0.5	0.09	0.0007	0.3	50000	5000	0.1	4	10	10	2311001						
2311010	0.99	0.01	3	1	1	0	0.01	0.01	0.15	0.15	0	0.5	0.5	0.1	7.00E-05	0.3	50000	5000	0.1	4	10	10	2311010						
2311011	0.99	0.01	3	1	1	0	0.01	0.01	0.15	0.15	0	0.5	0.5	0.1	0.0007	0.3	50000	5000	0.1	4	10	10	2311011						
2311100	0.99	0.01	3	1	1	0	0.05	0.01	0.15	0.15	0	0.5	0.5	0.09	7.00E-05	0.3	50000	5000	0.1	4	10	10	2311100						
2311101	0.99	0.01	3	1	1	0	0.05	0.01	0.15	0.15	0	0.5	0.5	0.09	0.0007	0.3	50000	5000	0.1	4	10	10	2311101						
2311110	0.99	0.01	3	1	1	0	0.05	0.01	0.15	0.15	0	0.5	0.5	0.1	7.00E-05	0.3	50000	5000	0.1	4	10	10	2311110						
2311111	0.99	0.01	3	1	1	0	0.05	0.01	0.15	0.15	0	0.5	0.5	0.1	0.0007	0.3	50000	5000	0.1	4	10	10	2311111						
12000000	1	0.01	3	1	0.5	0	0.01	0.01	0.1	0.1	0	0.5	0.5	0.09	7.00E-05	0.3	100000	5000	0.1	4	10	10	3000000						
12100000	0.99	0.01	3	1	0.5	0	0.01	0.01	0.1	0.1	0	0.5	0.5	0.09	7.00E-05	0.3	50000	5000	0.1	4	10	10	3300000						
12300000	0.99	0.01	3	1	0.5	0	0.01	0.01	0.1	0.1	0	0.5	0.5	0.09	7.00E-05	0.3	50000	5000	0.1	4	10	10	3300000						
12500000	1	0.01	3	1	0.5	0	0.01	0.01	0.1	0.1	0	0.5	0.5	0.09	7.00E-05	0.3	100000	5000	0.1	4	10	10	3000000						
22000000	1	0.01	3	1	0.5	0	0.01	0.01	0.1	0.1	0	0.5	0.5	0.09	7.00E-05	0.3	100000	5000	0.1	4	10	10	3000000						
22100000	0.99	0.01	3	1	0.5	0	0.01	0.01	0.1	0.1	0	0.5	0.5	0.09	7.00E-05	0.3	50000	5000	0.1	4	10	10	3300000						
22300000	0.99	0.01	3	1	0.5	0	0.01	0.01	0.1	0.1	0	0.5	0.5	0.09	7.00E-05	0.3	50000	5000	0.1	4	10	10	3300000						
22500000	1	0.01	3	1	0.5	0	0.01	0.01	0.1	0.1	0	0.5	0.5	0.09	7.00E-05	0.3	100000	5000	0.1	4	10	10	3000000						
31000000	1	0.01	3	1	0.5	0	0.01	0.01	0.1	0.1	0	0.5	0.5	0.09	7.00E-05	0.3	100000	5000	0.1	4	10	10	31000000						
31000001	1	0.01	3	1	0.5	0	0.01	0.01	0.1	0.1	0	0.5	0.5	0.09	0.0007	0.3	100000	5000	0.1	4	10	10	31000001						
31000010	1	0.01	3	1	0.5	0	0.01	0.01	0.1	0.1	0	0.5	0.5	0.1	7.00E-05	0.3	100000	5000	0.1	4	10	10	31000010						
31000011	1	0.01	3	1	0.5	0	0.01	0.01	0.1	0.1	0	0.5	0.5	0.1	0.0007	0.3	100000	5000	0.1	4	10	10	31000011						
31000100	1	0.01	3	1	0.5	0	0.05	0.01	0.1	0.1	0	0.5	0.5	0.09	7.00E-05	0.3	100000	5000	0.1	4	10	10	31000100						
31000101	1	0.01	3	1	0.5	0	0.05	0.01	0.1	0.1	0	0.5	0.5	0.09	0.0007	0.3	100000	5000	0.1	4	10	10	31000101						
31000110	1	0.01	3	1	0.5	0	0.05	0.01	0.1	0.1	0	0.5	0.5	0.1	7.00E-05	0.3	100000	5000	0.1	4	10	10	31000110						
31000111	1	0.01	3	1	0.5	0	0.05	0.01	0.1	0.1	0	0.5	0.5	0.1	0.0007	0.3	100000	5000	0.1	4	10	10	31000111						
31001000	1	0.01	3	1	0.5	0	0.01	0.01	0.15	0.15	0	0.5	0.5	0.09	7.00E-05	0.3	100000	5000	0.1	4	10	10	31001000						
31001001	1	0.01	3	1	0.5	0	0.01	0.01	0.15	0.15	0	0.5	0.5	0.09	0.0007	0.3	100000	5000	0.1	4	10	10	31001001						
31001010	1	0.01	3	1	0.5	0	0.01	0.01	0.15	0.15	0	0.5	0.5	0.1	7.00E-05	0.3	100000	5000	0.1	4	10	10	31001010						
31001011	1	0.01	3	1	0.5	0	0.01	0.01	0.15	0.15	0	0.5	0.5	0.1	0.0007	0.3	100000	5000	0.1	4	10	10	31001011						
31001100	1	0.01	3	1	0.5	0	0.05	0.01	0.15	0.15	0	0.5	0.5	0.09	7.00E-05	0.3	100000	5000	0.1	4	10	10	31001100						
31001101	1	0.01	3	1	0.5	0	0.05	0.01	0.15	0.15	0	0.5	0.5	0.09	0.0007	0.3	100000	5000	0.1	4	10	10	31001101						
31001110	1	0.01	3	1	0.5	0	0.05	0.01	0.15	0.15	0	0.5	0.5	0.1	7.00E-05	0.3	100000	5000	0.1	4	10	10	31001110						
31001111	1	0.01	3	1	0.5	0	0.05	0.01	0.15	0.15	0	0.5	0.5	0.1	0.0007	0.3	100000	5000	0.1	4	10	10	31001111						
31010000	1	0.01	3	1	1	0	0.01	0.01	0.1	0.1	0	0.5	0.5	0.09	7.00E-05	0.3	100000	5000	0.1	4	10	10	31010000						
31010001	1	0.01	3	1	1	0	0.01	0.01	0.1	0.1	0	0.5	0.5	0.09	0.0007	0.3	100000	5000	0.1	4	10	10	31010001						
31010010	1	0.01	3	1	1	0	0.01	0.01	0.1	0.1	0	0.5	0.5	0.1	7.00E-05	0.3	100000	5000	0.1	4	10	10	31010010						
31010011	1	0.01	3	1	1	0	0.01	0.01	0.1	0.1	0	0.5	0.5	0.1	0.0007	0.3	100000	5000	0.1	4	10	10	31010011						
31010100	1	0.01	3	1	1	0	0.05	0.01	0.1	0.1	0	0.5	0.5	0.09	7.00E-05	0.3	100000	5000	0.1	4	10	10	31010100						
31010101	1	0.01	3	1	1	0	0.05	0.01	0.1	0.1	0	0.5	0.5	0.09	0.0007	0.3	100000	5000	0.1	4	10	10	31010101						
31010110	1	0.01	3	1	1	0	0.05	0.01	0.1	0.1	0	0.5	0.5	0.1	7.00E-05	0.3	100000	5000	0.1	4	10	10	31010110						
31010111	1	0.01	3	1	1	0	0.05	0.01	0.1	0.1	0	0.5	0.5	0.1	0.0007	0.3	100000	5000	0.1	4	10	10	31010111						
31011000	1	0.01	3	1	1	0	0.01	0.01	0.15	0.15	0	0.5	0.5	0.09	7.00E-05	0.3	100000	5000	0.1	4	10	10	31011000						
31011001	1	0.01	3	1	1	0	0.01	0.01	0.15	0.15	0	0.5	0.5	0.09	0.0007	0.3	100000	5000	0.1	4	10	10	31011001						
31011010	1	0.01	3	1	1	0	0.01	0.01	0.15	0.15	0	0.5	0.5	0.1	7.00E-05	0.3	100000	5000	0.1	4	10	10	31011010						
31011011	1	0.01	3	1	1	0	0.01	0.01	0.15	0.15	0	0.5	0.5	0.1	0.0007	0.3	100000	5000	0.1	4	10	10	31011011						
31011100	1	0.01	3	1	1	0	0.05	0.01	0.15	0.15	0	0.5	0.5	0.09	7.00E-05	0.3	100000	5000	0.1	4	10	10	31011100						
31011101	1	0.01	3	1	1	0	0.05	0.01	0.15	0.15	0	0.5	0.5	0.09	0.0007	0.3	100000	5000	0.1	4	10	10	31011101						
31011110	1	0.01	3	1	1	0	0.05	0.01	0.15	0.15	0	0.5	0.5	0.1	7.00E-05	0.3	100000	5000	0.1	4	10	10	31011110						
31011111	1	0.01	3	1	1	0	0.05	0.01	0.15	0.15	0	0.5	0.5	0.1	0.0007	0.3	100000	5000	0.1	4	10	10	31011111						
31100000	0.99	0.01	3	1	0.5	0	0.01	0.01	0.1	0.1	0	0.5	0.5	0.09	7.00E-05	0.3	50000	5000	0.1	4	10	10	31100000						
31100001	0.99	0.01	3	1	0.5	0	0.01	0.01	0.1	0.1	0	0.5	0.5	0.09	0.0007	0.3	50000	5000	0.1	4	10	10	31100001						
31100010	0.99	0.01	3	1	0.5	0	0.01	0.01	0.1	0.1	0	0.5	0.5	0.1	7.00E-05	0.3	50000	5000	0.1	4	10	10	31100010						
31100011	0.99	0.01	3	1	0.5	0	0.01	0.01	0.1	0.1	0	0.5	0.5	0.1	0.0007	0.3	50000	5000	0.1	4	10	10	31100011						
31100100	0.99	0.01	3	1	0.5	0	0.05	0.01	0.1	0.1	0	0.5	0.5	0.09	7.00E-05	0.3	50000	5000	0.1	4	10	10	31100100						
31100101	0.99	0.01	3	1	0.5	0	0.05	0.01	0.1	0.1	0	0.5	0.5	0.09	0.0007	0.3	50000	5000	0.1	4	10	10	31100101						
31100110	0.99	0.01	3	1	0.5	0	0.05	0.01	0.1	0.1	0	0.5	0.5	0.1	7.00E-05	0.3	50000	5000	0.1	4	10	10	31100110						
31100111	0.99	0.01	3	1	0.5	0	0.05	0.01	0.1	0.1	0	0.5	0.5	0.1	0.0007	0.3	50000	5000	0.1	4	10	10	31100111						
31101000	0.99	0.01	3	1	0.5	0	0.01	0.01	0.15	0.15	0	0.5	0.5	0.09	7.00E-05	0.3	50000	5000	0.1	4	10	10	31101000						
31101001	0.99	0.01	3	1	0.5	0	0.01	0.01	0.15	0.15	0	0.5	0.5	0.09	0.0007	0.3	50000	5000	0.1	4	10	10	31101001						
31101010	0.99	0.01	3	1	0.5	0	0.01	0.01	0.15	0.15	0	0.5	0.5	0.1	7.00E-05	0.3	50000	5000	0.1	4	10	10	31101010						
31101011	0.99	0.01	3	1	0.5	0	0.01	0.01	0.15	0.15	0	0.5	0.5	0.1	0.0007	0.3	50000	5000	0.1	4	10	10	31101011						
31101100	0.99	0.01	3	1	0.5	0	0.05	0.01	0.15	0.15	0	0.5	0.5	0.09	7.00E-05	0.3	50000	5000	0.1	4	10	10	31101100						
31101101	0.99	0.01	3	1	0.5	0	0.05	0.01	0.15	0.15	0	0.5	0.5	0.09	0.0007	0.3	50000	5000	0.1	4	10	10	31101101						
31101110	0.99	0.01	3	1	0.5	0	0.05	0.01	0.15	0.15	0	0.5	0.5	0.1	7.00E-05	0.3	50000	5000	0.1	4	10	10	31101110						
31101111	0.99	0.01	3	1	0.5	0	0.05	0.01	0.15	0.15	0	0.5	0.5	0.1	0.0007	0.3	50000	5000	0.1	4	10	10	31101111						
31110000	0.99	0.01	3	1	1	0	0.01	0.01	0.1	0.1	0	0.5	0.5	0.09	7.00E-05	0.3	50000	5000	0.1	4	10	10	31110000						
31110001	0.99	0.01	3	1	1	0	0.01	0.01	0.1	0.1	0	0.5	0.5	0.09	0.0007	0.3	50000	5000	0.1	4	10	10	31110001						
31110010	0.99	0.01	3	1	1	0	0.01	0.01	0.1	0.1	0	0.5	0.5	0.1	7.00E-05	0.3	50000	5000	0.1	4	10	10	31110010						
31110011	0.99	0.01	3	1	1	0	0.01	0.01	0.1	0.1	0	0.5	0.5	0.1	0.0007	0.3	50000	5000	0.1	4	10	10	31110011						
31110100	0.99	0.01	3	1	1	0	0.05	0.01	0.1	0.1	0	0.5	0.5	0.09	7.00E-05	0.3	50000	5000	0.1	4	10	10	31110100						
31110101	0.99	0.01	3	1	1	0	0.05	0.01	0.1	0.1	0	0.5	0.5	0.09	0.0007	0.3	50000	5000	0.1	4	10	10	31110101						
31110110	0.99	0.01	3	1	1	0	0.05	0.01	0.1	0.1	0	0.5	0.5	0.1	7.00E-05	0.3	50000	5000	0.1	4	10	10	31110110						
31110111	0.99	0.01	3	1	1	0	0.05	0.01	0.1	0.1	0	0.5	0.5	0.1	0.0007	0.3	50000	5000	0.1	4	10	10	31110111						
31111000	0.99	0.01	3	1	1	0	0.01	0.01	0.15	0.15	0	0.5	0.5	0.09	7.00E-05	0.3	50000	5000	0.1	4	10	10	31111000						
31111001	0.99	0.01	3	1	1	0	0.01	0.01	0.15	0.15	0	0.5	0.5	0.09	0.0007	0.3	50000	5000	0.1	4	10	10	31111001						
31111010	0.99	0.01	3	1	1	0	0.01	0.01	0.15	0.15	0	0.5	0.5	0.1	7.00E-05	0.3	50000	5000	0.1	4	10	10	31111010						
31111011	0.99	0.01	3	1	1	0	0.01	0.01	0.15	0.15	0	0.5	0.5	0.1	0.0007	0.3	50000	5000	0.1	4	10	10	31111011						
31111100	0.99	0.01	3	1	1	0	0.05	0.01	0.15	0.15	0	0.5	0.5	0.09	7.00E-05	0.3	50000	5000	0.1	4	10	10	31111100						
31111101	0.99	0.01	3	1	1	0	0.05	0.01	0.15	0.15	0	0.5	0.5	0.09	0.0007	0.3	50000	5000	0.1	4	10	10	31111101						
31111110	0.99	0.01	3	1	1	0	0.05	0.01	0.15	0.15	0	0.5	0.5	0.1	7.00E-05	0.3	50000	5000	0.1	4	10	10	31111110						
31111111	0.99	0.01	3	1	1	0	0.05	0.01	0.15	0.15	0	0.5	0.5	0.1	0.0007	0.3	50000	5000	0.1	4	10	10	31111111						
31200000	0.99	0.01	3	1	0.5	0	0.01	0.01	0.1	0.1	0	0.5	0.5	0.09	7.00E-05	0.3	50000	5000	0.1	4	10	10	31200000						
31200001	0.99	0.01	3	1	0.5	0	0.01	0.01	0.1	0.1	0	0.5	0.5	0.09	0.0007	0.3	50000	5000	0.1	4	10	10	31200001						
31200010	0.99	0.01	3	1	0.5	0	0.01	0.01	0.1	0.1	0	0.5	0.5	0.1	7.00E-05	0.3	50000	5000	0.1	4	10	10	31200010						
31200011	0.99	0.01	3	1	0.5	0	0.01	0.01	0.1	0.1	0	0.5	0.5	0.1	0.0007	0.3	50000	5000	0.1	4	10	10	31200011						
31200100	0.99	0.01	3	1	0.5	0	0.05	0.01	0.1	0.1	0	0.5	0.5	0.09	7.00E-05	0.3	50000	5000	0.1	4	10	10	31200100						
31200101	0.99	0.01	3	1	0.5	0	0.05	0.01	0.1	0.1	0	0.5	0.5	0.09	0.0007	0.3	50000	5000	0.1	4	10	10	31200101						
31200110	0.99	0.01	3	1	0.5	0	0.05	0.01	0.1	0.1	0	0.5	0.5	0.1	7.00E-05	0.3	50000	5000	0.1	4	10	10	31200110						
31200111	0.99	0.01	3	1	0.5	0	0.05	0.01	0.1	0.1	0	0.5	0.5	0.1	0.0007	0.3	50000	5000	0.1	4	10	10	31200111						
31201000	0.99	0.01	3	1	0.5	0	0.01	0.01	0.15	0.15	0	0.5	0.5	0.09	7.00E-05	0.3	50000	5000	0.1	4	10	10	31201000						
31201001	0.99	0.01	3	1	0.5	0	0.01	0.01	0.15	0.15	0	0.5	0.5	0.09	0.0007	0.3	50000	5000	0.1	4	10	10	31201001						
31201010	0.99	0.01	3	1	0.5	0	0.01	0.01	0.15	0.15	0	0.5	0.5	0.1	7.00E-05	0.3	50000	5000	0.1	4	10	10	31201010						
31201011	0.99	0.01	3	1	0.5	0	0.01	0.01	0.15	0.15	0	0.5	0.5	0.1	0.0007	0.3	50000	5000	0.1	4	10	10	31201011						
31201100	0.99	0.01	3	1	0.5	0	0.05	0.01	0.15	0.15	0	0.5	0.5	0.09	7.00E-05	0.3	50000	5000	0.1	4	10	10	31201100						
31201101	0.99	0.01	3	1	0.5	0	0.05	0.01	0.15	0.15	0	0.5	0.5	0.09	0.0007	0.3	50000	5000	0.1	4	10	10	31201101						
31201110	0.99	0.01	3	1	0.5	0	0.05	0.01	0.15	0.15	0	0.5	0.5	0.1	7.00E-05	0.3	50000	5000	0.1	4	10	10	31201110						
31201111	0.99	0.01	3	1	0.5	0	0.05	0.01	0.15	0.15	0	0.5	0.5	0.1	0.0007	0.3	50000	5000	0.1	4	10	10	31201111						
31210000	0.99	0.01	3	1	1	0	0.01	0.01	0.1	0.1	0	0.5	0.5	0.09	7.00E-05	0.3	50000	5000	0.1	4	10	10	31210000						
31210001	0.99	0.01	3	1	1	0	0.01	0.01	0.1	0.1	0	0.5	0.5	0.09	0.0007	0.3	50000	5000	0.1	4	10	10	31210001						
31210010	0.99	0.01	3	1	1	0	0.01	0.01	0.1	0.1	0	0.5	0.5	0.1	7.00E-05	0.3	50000	5000	0.1	4	10	10	31210010						
31210011	0.99	0.01	3	1	1	0	0.01	0.01	0.1	0.1	0	0.5	0.5	0.1	0.0007	0.3	50000	5000	0.1	4	10	10	31210011						
31210100	0.99	0.01	3	1	1	0	0.05	0.01	0.1	0.1	0	0.5	0.5	0.09	7.00E-05	0.3	50000	5000	0.1	4	10	10	31210100						
31210101	0.99	0.01	3	1	1	0	0.05	0.01	0.1	0.1	0	0.5	0.5	0.09	0.0007	0.3	50000	5000	0.1	4	10	10	31210101						
31210110	0.99	0.01	3	1	1	0	0.05	0.01	0.1	0.1	0	0.5	0.5	0.1	7.00E-05	0.3	50000	5000	0.1	4	10	10	31210110						
31210111	0.99	0.01	3	1	1	0	0.05	0.01	0.1	0.1	0	0.5	0.5	0.1	0.0007	0.3	50000	5000	0.1	4	10	10	31210111						
31211000	0.99	0.01	3	1	1	0	0.01	0.01	0.15	0.15	0	0.5	0.5	0.09	7.00E-05	0.3	50000	5000	0.1	4	10	10	31211000						
31211001	0.99	0.01	3	1	1	0	0.01	0.01	0.15	0.15	0	0.5	0.5	0.09	0.0007	0.3	50000	5000	0.1	4	10	10	31211001						
31211010	0.99	0.01	3	1	1	0	0.01	0.01	0.15	0.15	0	0.5	0.5	0.1	7.00E-05	0.3	50000	5000	0.1	4	10	10	31211010						
31211011	0.99	0.01	3	1	1	0	0.01	0.01	0.15	0.15	0	0.5	0.5	0.1	0.0007	0.3	50000	5000	0.1	4	10	10	31211011						
31211100	0.99	0.01	3	1	1	0	0.05	0.01	0.15	0.15	0	0.5	0.5	0.09	7.00E-05	0.3	50000	5000	0.1	4	10	10	31211100						
31211101	0.99	0.01	3	1	1	0	0.05	0.01	0.15	0.15	0	0.5	0.5	0.09	0.0007	0.3	50000	5000	0.1	4	10	10	31211101						
31211110	0.99	0.01	3	1	1	0	0.05	0.01	0.15	0.15	0	0.5	0.5	0.1	7.00E-05	0.3	50000	5000	0.1	4	10	10	31211110						
31211111	0.99	0.01	3	1	1	0	0.05	0.01	0.15	0.15	0	0.5	0.5	0.1	0.0007	0.3	50000	5000	0.1	4	10	10	31211111						
31300000	0.99	0.01	3	1	0.5	0	0.01	0.01	0.1	0.1	0	0.5	0.5	0.09	7.00E-05	0.3	50000	5000	0.1	4	10	10	31300000						
31300001	0.99	0.01	3	1	0.5	0	0.01	0.01	0.1	0.1	0	0.5	0.5	0.09	0.0007	0.3	50000	5000	0.1	4	10	10	31300001						
31300010	0.99	0.01	3	1	0.5	0	0.01	0.01	0.1	0.1	0	0.5	0.5	0.1	7.00E-05	0.3	50000	5000	0.1	4	10	10	31300010						
31300011	0.99	0.01	3	1	0.5	0	0.01	0.01	0.1	0.1	0	0.5	0.5	0.1	0.0007	0.3	50000	5000	0.1	4	10	10	31300011						
31300100	0.99	0.01	3	1	0.5	0	0.05	0.01	0.1	0.1	0	0.5	0.5	0.09	7.00E-05	0.3	50000	5000	0.1	4	10	10	31300100						
31300101	0.99	0.01	3	1	0.5	0	0.05	0.01	0.1	0.1	0	0.5	0.5	0.09	0.0007	0.3	50000	5000	0.1	4	10	10	31300101						
31300110	0.99	0.01	3	1	0.5	0	0.05	0.01	0.1	0.1	0	0.5	0.5	0.1	7.00E-05	0.3	50000	5000	0.1	4	10	10	31300110						
31300111	0.99	0.01	3	1	0.5	0	0.05	0.01	0.1	0.1	0	0.5	0.5	0.1	0.0007	0.3	50000	5000	0.1	4	10	10	31300111						
31301000	0.99	0.01	3	1	0.5	0	0.01	0.01	0.15	0.15	0	0.5	0.5	0.09	7.00E-05	0.3	50000	5000	0.1	4	10	10	31301000						
31301001	0.99	0.01	3	1	0.5	0	0.01	0.01	0.15	0.15	0	0.5	0.5	0.09	0.0007	0.3	50000	5000	0.1	4	10	10	31301001						
31301010	0.99	0.01	3	1	0.5	0	0.01	0.01	0.15	0.15	0	0.5	0.5	0.1	7.00E-05	0.3	50000	5000	0.1	4	10	10	31301010						
31301011	0.99	0.01	3	1	0.5	0	0.01	0.01	0.15	0.15	0	0.5	0.5	0.1	0.0007	0.3	50000	5000	0.1	4	10	10	31301011						
31301100	0.99	0.01	3	1	0.5	0	0.05	0.01	0.15	0.15	0	0.5	0.5	0.09	7.00E-05	0.3	50000	5000	0.1	4	10	10	31301100						
31301101	0.99	0.01	3	1	0.5	0	0.05	0.01	0.15	0.15	0	0.5	0.5	0.09	0.0007	0.3	50000	5000	0.1	4	10	10	31301101						
31301110	0.99	0.01	3	1	0.5	0	0.05	0.01	0.15	0.15	0	0.5	0.5	0.1	7.00E-05	0.3	50000	5000	0.1	4	10	10	31301110						
31301111	0.99	0.01	3	1	0.5	0	0.05	0.01	0.15	0.15	0	0.5	0.5	0.1	0.0007	0.3	50000	5000	0.1	4	10	10	31301111						
31310000	0.99	0.01	3	1	1	0	0.01	0.01	0.1	0.1	0	0.5	0.5	0.09	7.00E-05	0.3	50000	5000	0.1	4	10	10	31310000						
31310001	0.99	0.01	3	1	1	0	0.01	0.01	0.1	0.1	0	0.5	0.5	0.09	0.0007	0.3	50000	5000	0.1	4	10	10	31310001						
31310010	0.99	0.01	3	1	1	0	0.01	0.01	0.1	0.1	0	0.5	0.5	0.1	7.00E-05	0.3	50000	5000	0.1	4	10	10	31310010						
31310011	0.99	0.01	3	1	1	0	0.01	0.01	0.1	0.1	0	0.5	0.5	0.1	0.0007	0.3	50000	5000	0.1	4	10	10	31310011						
31310100	0.99	0.01	3	1	1	0	0.05	0.01	0.1	0.1	0	0.5	0.5	0.09	7.00E-05	0.3	50000	5000	0.1	4	10	10	31310100						
31310101	0.99	0.01	3	1	1	0	0.05	0.01	0.1	0.1	0	0.5	0.5	0.09	0.0007	0.3	50000	5000	0.1	4	10	10	31310101						
31310110	0.99	0.01	3	1	1	0	0.05	0.01	0.1	0.1	0	0.5	0.5	0.1	7.00E-05	0.3	50000	5000	0.1	4	10	10	31310110						
31310111	0.99	0.01	3	1	1	0	0.05	0.01	0.1	0.1	0	0.5	0.5	0.1	0.0007	0.3	50000	5000	0.1	4	10	10	31310111						
31311000	0.99	0.01	3	1	1	0	0.01	0.01	0.15	0.15	0	0.5	0.5	0.09	7.00E-05	0.3	50000	5000	0.1	4	10	10	31311000						
31311001	0.99	0.01	3	1	1	0	0.01	0.01	0.15	0.15	0	0.5	0.5	0.09	0.0007	0.3	50000	5000	0.1	4	10	10	31311001						
31311010	0.99	0.01	3	1	1	0	0.01	0.01	0.15	0.15	0	0.5	0.5	0.1	7.00E-05	0.3	50000	5000	0.1	4	10	10	31311010						
31311011	0.99	0.01	3	1	1	0	0.01	0.01	0.15	0.15	0	0.5	0.5	0.1	0.0007	0.3	50000	5000	0.1	4	10	10	31311011						
31311100	0.99	0.01	3	1	1	0	0.05	0.01	0.15	0.15	0	0.5	0.5	0.09	7.00E-05	0.3	50000	5000	0.1	4	10	10	31311100						
31311101	0.99	0.01	3	1	1	0	0.05	0.01	0.15	0.15	0	0.5	0.5	0.09	0.0007	0.3	50000	5000	0.1	4	10	10	31311101						
31311110	0.99	0.01	3	1	1	0	0.05	0.01	0.15	0.15	0	0.5	0.5	0.1	7.00E-05	0.3	50000	5000	0.1	4	10	10	31311110						
31311111	0.99	0.01	3	1	1	0	0.05	0.01	0.15	0.15	0	0.5	0.5	0.1	0.0007	0.3	50000	5000	0.1	4	10	10	31311111						
32000000	1	0.01	3	1	0.5	0	0.01	0.01	0.1	0.1	0	0.5	0.5	0.09	7.00E-05	0.3	100000	5000	0.1	4	10	10	32000000						
32000001	1	0.01	3	1	0.5	0	0.01	0.01	0.1	0.1	0	0.5	0.5	0.09	0.0007	0.3	100000	5000	0.1	4	10	10	32000001						
32000010	1	0.01	3	1	0.5	0	0.01	0.01	0.1	0.1	0	0.5	0.5	0.1	7.00E-05	0.3	100000	5000	0.1	4	10	10	32000010						
32000011	1	0.01	3	1	0.5	0	0.01	0.01	0.1	0.1	0	0.5	0.5	0.1	0.0007	0.3	100000	5000	0.1	4	10	10	32000011						
32000100	1	0.01	3	1	0.5	0	0.05	0.01	0.1	0.1	0	0.5	0.5	0.09	7.00E-05	0.3	100000	5000	0.1	4	10	10	32000100						
32000101	1	0.01	3	1	0.5	0	0.05	0.01	0.1	0.1	0	0.5	0.5	0.09	0.0007	0.3	100000	5000	0.1	4	10	10	32000101						
32000110	1	0.01	3	1	0.5	0	0.05	0.01	0.1	0.1	0	0.5	0.5	0.1	7.00E-05	0.3	100000	5000	0.1	4	10	10	32000110						
32000111	1	0.01	3	1	0.5	0	0.05	0.01	0.1	0.1	0	0.5	0.5	0.1	0.0007	0.3	100000	5000	0.1	4	10	10	32000111						
32001000	1	0.01	3	1	0.5	0	0.01	0.01	0.15	0.15	0	0.5	0.5	0.09	7.00E-05	0.3	100000	5000	0.1	4	10	10	32001000						
32001001	1	0.01	3	1	0.5	0	0.01	0.01	0.15	0.15	0	0.5	0.5	0.09	0.0007	0.3	100000	5000	0.1	4	10	10	32001001						
32001010	1	0.01	3	1	0.5	0	0.01	0.01	0.15	0.15	0	0.5	0.5	0.1	7.00E-05	0.3	100000	5000	0.1	4	10	10	32001010						
32001011	1	0.01	3	1	0.5	0	0.01	0.01	0.15	0.15	0	0.5	0.5	0.1	0.0007	0.3	100000	5000	0.1	4	10	10	32001011						
32001100	1	0.01	3	1	0.5	0	0.05	0.01	0.15	0.15	0	0.5	0.5	0.09	7.00E-05	0.3	100000	5000	0.1	4	10	10	32001100						
32001101	1	0.01	3	1	0.5	0	0.05	0.01	0.15	0.15	0	0.5	0.5	0.09	0.0007	0.3	100000	5000	0.1	4	10	10	32001101						
32001110	1	0.01	3	1	0.5	0	0.05	0.01	0.15	0.15	0	0.5	0.5	0.1	7.00E-05	0.3	100000	5000	0.1	4	10	10	32001110						
32001111	1	0.01	3	1	0.5	0	0.05	0.01	0.15	0.15	0	0.5	0.5	0.1	0.0007	0.3	100000	5000	0.1	4	10	10	32001111						
32010000	1	0.01	3	1	1	0	0.01	0.01	0.1	0.1	0	0.5	0.5	0.09	7.00E-05	0.3	100000	5000	0.1	4	10	10	32010000						
32010001	1	0.01	3	1	1	0	0.01	0.01	0.1	0.1	0	0.5	0.5	0.09	0.0007	0.3	100000	5000	0.1	4	10	10	32010001						
32010010	1	0.01	3	1	1	0	0.01	0.01	0.1	0.1	0	0.5	0.5	0.1	7.00E-05	0.3	100000	5000	0.1	4	10	10	32010010						
32010011	1	0.01	3	1	1	0	0.01	0.01	0.1	0.1	0	0.5	0.5	0.1	0.0007	0.3	100000	5000	0.1	4	10	10	32010011						
32010100	1	0.01	3	1	1	0	0.05	0.01	0.1	0.1	0	0.5	0.5	0.09	7.00E-05	0.3	100000	5000	0.1	4	10	10	32010100						
32010101	1	0.01	3	1	1	0	0.05	0.01	0.1	0.1	0	0.5	0.5	0.09	0.0007	0.3	100000	5000	0.1	4	10	10	32010101						
32010110	1	0.01	3	1	1	0	0.05	0.01	0.1	0.1	0	0.5	0.5	0.1	7.00E-05	0.3	100000	5000	0.1	4	10	10	32010110						
32010111	1	0.01	3	1	1	0	0.05	0.01	0.1	0.1	0	0.5	0.5	0.1	0.0007	0.3	100000	5000	0.1	4	10	10	32010111						
32011000	1	0.01	3	1	1	0	0.01	0.01	0.15	0.15	0	0.5	0.5	0.09	7.00E-05	0.3	100000	5000	0.1	4	10	10	32011000						
32011001	1	0.01	3	1	1	0	0.01	0.01	0.15	0.15	0	0.5	0.5	0.09	0.0007	0.3	100000	5000	0.1	4	10	10	32011001						
32011010	1	0.01	3	1	1	0	0.01	0.01	0.15	0.15	0	0.5	0.5	0.1	7.00E-05	0.3	100000	5000	0.1	4	10	10	32011010						
32011011	1	0.01	3	1	1	0	0.01	0.01	0.15	0.15	0	0.5	0.5	0.1	0.0007	0.3	100000	5000	0.1	4	10	10	32011011						
32011100	1	0.01	3	1	1	0	0.05	0.01	0.15	0.15	0	0.5	0.5	0.09	7.00E-05	0.3	100000	5000	0.1	4	10	10	32011100						
32011101	1	0.01	3	1	1	0	0.05	0.01	0.15	0.15	0	0.5	0.5	0.09	0.0007	0.3	100000	5000	0.1	4	10	10	32011101						
32011110	1	0.01	3	1	1	0	0.05	0.01	0.15	0.15	0	0.5	0.5	0.1	7.00E-05	0.3	100000	5000	0.1	4	10	10	32011110						
32011111	1	0.01	3	1	1	0	0.05	0.01	0.15	0.15	0	0.5	0.5	0.1	0.0007	0.3	100000	5000	0.1	4	10	10	32011111						
32100000	0.99	0.01	3	1	0.5	0	0.01	0.01	0.1	0.1	0	0.5	0.5	0.09	7.00E-05	0.3	50000	5000	0.1	4	10	10	32100000						
32100001	0.99	0.01	3	1	0.5	0	0.01	0.01	0.1	0.1	0	0.5	0.5	0.09	0.0007	0.3	50000	5000	0.1	4	10	10	32100001						
32100010	0.99	0.01	3	1	0.5	0	0.01	0.01	0.1	0.1	0	0.5	0.5	0.1	7.00E-05	0.3	50000	5000	0.1	4	10	10	32100010						
32100011	0.99	0.01	3	1	0.5	0	0.01	0.01	0.1	0.1	0	0.5	0.5	0.1	0.0007	0.3	50000	5000	0.1	4	10	10	32100011						
32100100	0.99	0.01	3	1	0.5	0	0.05	0.01	0.1	0.1	0	0.5	0.5	0.09	7.00E-05	0.3	50000	5000	0.1	4	10	10	32100100						
32100101	0.99	0.01	3	1	0.5	0	0.05	0.01	0.1	0.1	0	0.5	0.5	0.09	0.0007	0.3	50000	5000	0.1	4	10	10	32100101						
32100110	0.99	0.01	3	1	0.5	0	0.05	0.01	0.1	0.1	0	0.5	0.5	0.1	7.00E-05	0.3	50000	5000	0.1	4	10	10	32100110						
32100111	0.99	0.01	3	1	0.5	0	0.05	0.01	0.1	0.1	0	0.5	0.5	0.1	0.0007	0.3	50000	5000	0.1	4	10	10	32100111						
32101000	0.99	0.01	3	1	0.5	0	0.01	0.01	0.15	0.15	0	0.5	0.5	0.09	7.00E-05	0.3	50000	5000	0.1	4	10	10	32101000						
32101001	0.99	0.01	3	1	0.5	0	0.01	0.01	0.15	0.15	0	0.5	0.5	0.09	0.0007	0.3	50000	5000	0.1	4	10	10	32101001						
32101010	0.99	0.01	3	1	0.5	0	0.01	0.01	0.15	0.15	0	0.5	0.5	0.1	7.00E-05	0.3	50000	5000	0.1	4	10	10	32101010						
32101011	0.99	0.01	3	1	0.5	0	0.01	0.01	0.15	0.15	0	0.5	0.5	0.1	0.0007	0.3	50000	5000	0.1	4	10	10	32101011						
32101100	0.99	0.01	3	1	0.5	0	0.05	0.01	0.15	0.15	0	0.5	0.5	0.09	7.00E-05	0.3	50000	5000	0.1	4	10	10	32101100						
32101101	0.99	0.01	3	1	0.5	0	0.05	0.01	0.15	0.15	0	0.5	0.5	0.09	0.0007	0.3	50000	5000	0.1	4	10	10	32101101						
32101110	0.99	0.01	3	1	0.5	0	0.05	0.01	0.15	0.15	0	0.5	0.5	0.1	7.00E-05	0.3	50000	5000	0.1	4	10	10	32101110						
32101111	0.99	0.01	3	1	0.5	0	0.05	0.01	0.15	0.15	0	0.5	0.5	0.1	0.0007	0.3	50000	5000	0.1	4	10	10	32101111						
32110000	0.99	0.01	3	1	1	0	0.01	0.01	0.1	0.1	0	0.5	0.5	0.09	7.00E-05	0.3	50000	5000	0.1	4	10	10	32110000						
32110001	0.99	0.01	3	1	1	0	0.01	0.01	0.1	0.1	0	0.5	0.5	0.09	0.0007	0.3	50000	5000	0.1	4	10	10	32110001						
32110010	0.99	0.01	3	1	1	0	0.01	0.01	0.1	0.1	0	0.5	0.5	0.1	7.00E-05	0.3	50000	5000	0.1	4	10	10	32110010						
32110011	0.99	0.01	3	1	1	0	0.01	0.01	0.1	0.1	0	0.5	0.5	0.1	0.0007	0.3	50000	5000	0.1	4	10	10	32110011						
32110100	0.99	0.01	3	1	1	0	0.05	0.01	0.1	0.1	0	0.5	0.5	0.09	7.00E-05	0.3	50000	5000	0.1	4	10	10	32110100						
32110101	0.99	0.01	3	1	1	0	0.05	0.01	0.1	0.1	0	0.5	0.5	0.09	0.0007	0.3	50000	5000	0.1	4	10	10	32110101						
32110110	0.99	0.01	3	1	1	0	0.05	0.01	0.1	0.1	0	0.5	0.5	0.1	7.00E-05	0.3	50000	5000	0.1	4	10	10	32110110						
32110111	0.99	0.01	3	1	1	0	0.05	0.01	0.1	0.1	0	0.5	0.5	0.1	0.0007	0.3	50000	5000	0.1	4	10	10	32110111						
32111000	0.99	0.01	3	1	1	0	0.01	0.01	0.15	0.15	0	0.5	0.5	0.09	7.00E-05	0.3	50000	5000	0.1	4	10	10	32111000						
32111001	0.99	0.01	3	1	1	0	0.01	0.01	0.15	0.15	0	0.5	0.5	0.09	0.0007	0.3	50000	5000	0.1	4	10	10	32111001						
32111010	0.99	0.01	3	1	1	0	0.01	0.01	0.15	0.15	0	0.5	0.5	0.1	7.00E-05	0.3	50000	5000	0.1	4	10	10	32111010						
32111011	0.99	0.01	3	1	1	0	0.01	0.01	0.15	0.15	0	0.5	0.5	0.1	0.0007	0.3	50000	5000	0.1	4	10	10	32111011						
32111100	0.99	0.01	3	1	1	0	0.05	0.01	0.15	0.15	0	0.5	0.5	0.09	7.00E-05	0.3	50000	5000	0.1	4	10	10	32111100						
32111101	0.99	0.01	3	1	1	0	0.05	0.01	0.15	0.15	0	0.5	0.5	0.09	0.0007	0.3	50000	5000	0.1	4	10	10	32111101						
32111110	0.99	0.01	3	1	1	0	0.05	0.01	0.15	0.15	0	0.5	0.5	0.1	7.00E-05	0.3	50000	5000	0.1	4	10	10	32111110						
32111111	0.99	0.01	3	1	1	0	0.05	0.01	0.15	0.15	0	0.5	0.5	0.1	0.0007	0.3	50000	5000	0.1	4	10	10	32111111						
32200000	0.99	0.01	3	1	0.5	0	0.01	0.01	0.1	0.1	0	0.5	0.5	0.09	7.00E-05	0.3	50000	5000	0.1	4	10	10	32200000						
32200001	0.99	0.01	3	1	0.5	0	0.01	0.01	0.1	0.1	0	0.5	0.5	0.09	0.0007	0.3	50000	5000	0.1	4	10	10	32200001						
32200010	0.99	0.01	3	1	0.5	0	0.01	0.01	0.1	0.1	0	0.5	0.5	0.1	7.00E-05	0.3	50000	5000	0.1	4	10	10	32200010						
32200011	0.99	0.01	3	1	0.5	0	0.01	0.01	0.1	0.1	0	0.5	0.5	0.1	0.0007	0.3	50000	5000	0.1	4	10	10	32200011						
32200100	0.99	0.01	3	1	0.5	0	0.05	0.01	0.1	0.1	0	0.5	0.5	0.09	7.00E-05	0.3	50000	5000	0.1	4	10	10	32200100						
32200101	0.99	0.01	3	1	0.5	0	0.05	0.01	0.1	0.1	0	0.5	0.5	0.09	0.0007	0.3	50000	5000	0.1	4	10	10	32200101						
32200110	0.99	0.01	3	1	0.5	0	0.05	0.01	0.1	0.1	0	0.5	0.5	0.1	7.00E-05	0.3	50000	5000	0.1	4	10	10	32200110						
32200111	0.99	0.01	3	1	0.5	0	0.05	0.01	0.1	0.1	0	0.5	0.5	0.1	0.0007	0.3	50000	5000	0.1	4	10	10	32200111						
32201000	0.99	0.01	3	1	0.5	0	0.01	0.01	0.15	0.15	0	0.5	0.5	0.09	7.00E-05	0.3	50000	5000	0.1	4	10	10	32201000						
32201001	0.99	0.01	3	1	0.5	0	0.01	0.01	0.15	0.15	0	0.5	0.5	0.09	0.0007	0.3	50000	5000	0.1	4	10	10	32201001						
32201010	0.99	0.01	3	1	0.5	0	0.01	0.01	0.15	0.15	0	0.5	0.5	0.1	7.00E-05	0.3	50000	5000	0.1	4	10	10	32201010						
32201011	0.99	0.01	3	1	0.5	0	0.01	0.01	0.15	0.15	0	0.5	0.5	0.1	0.0007	0.3	50000	5000	0.1	4	10	10	32201011						
32201100	0.99	0.01	3	1	0.5	0	0.05	0.01	0.15	0.15	0	0.5	0.5	0.09	7.00E-05	0.3	50000	5000	0.1	4	10	10	32201100						
32201101	0.99	0.01	3	1	0.5	0	0.05	0.01	0.15	0.15	0	0.5	0.5	0.09	0.0007	0.3	50000	5000	0.1	4	10	10	32201101						
32201110	0.99	0.01	3	1	0.5	0	0.05	0.01	0.15	0.15	0	0.5	0.5	0.1	7.00E-05	0.3	50000	5000	0.1	4	10	10	32201110						
32201111	0.99	0.01	3	1	0.5	0	0.05	0.01	0.15	0.15	0	0.5	0.5	0.1	0.0007	0.3	50000	5000	0.1	4	10	10	32201111						
32210000	0.99	0.01	3	1	1	0	0.01	0.01	0.1	0.1	0	0.5	0.5	0.09	7.00E-05	0.3	50000	5000	0.1	4	10	10	32210000						
32210001	0.99	0.01	3	1	1	0	0.01	0.01	0.1	0.1	0	0.5	0.5	0.09	0.0007	0.3	50000	5000	0.1	4	10	10	32210001						
32210010	0.99	0.01	3	1	1	0	0.01	0.01	0.1	0.1	0	0.5	0.5	0.1	7.00E-05	0.3	50000	5000	0.1	4	10	10	32210010						
32210011	0.99	0.01	3	1	1	0	0.01	0.01	0.1	0.1	0	0.5	0.5	0.1	0.0007	0.3	50000	5000	0.1	4	10	10	32210011						
32210100	0.99	0.01	3	1	1	0	0.05	0.01	0.1	0.1	0	0.5	0.5	0.09	7.00E-05	0.3	50000	5000	0.1	4	10	10	32210100						
32210101	0.99	0.01	3	1	1	0	0.05	0.01	0.1	0.1	0	0.5	0.5	0.09	0.0007	0.3	50000	5000	0.1	4	10	10	32210101						
32210110	0.99	0.01	3	1	1	0	0.05	0.01	0.1	0.1	0	0.5	0.5	0.1	7.00E-05	0.3	50000	5000	0.1	4	10	10	32210110						
32210111	0.99	0.01	3	1	1	0	0.05	0.01	0.1	0.1	0	0.5	0.5	0.1	0.0007	0.3	50000	5000	0.1	4	10	10	32210111						
32211000	0.99	0.01	3	1	1	0	0.01	0.01	0.15	0.15	0	0.5	0.5	0.09	7.00E-05	0.3	50000	5000	0.1	4	10	10	32211000						
32211001	0.99	0.01	3	1	1	0	0.01	0.01	0.15	0.15	0	0.5	0.5	0.09	0.0007	0.3	50000	5000	0.1	4	10	10	32211001						
32211010	0.99	0.01	3	1	1	0	0.01	0.01	0.15	0.15	0	0.5	0.5	0.1	7.00E-05	0.3	50000	5000	0.1	4	10	10	32211010						
32211011	0.99	0.01	3	1	1	0	0.01	0.01	0.15	0.15	0	0.5	0.5	0.1	0.0007	0.3	50000	5000	0.1	4	10	10	32211011						
32211100	0.99	0.01	3	1	1	0	0.05	0.01	0.15	0.15	0	0.5	0.5	0.09	7.00E-05	0.3	50000	5000	0.1	4	10	10	32211100						
32211101	0.99	0.01	3	1	1	0	0.05	0.01	0.15	0.15	0	0.5	0.5	0.09	0.0007	0.3	50000	5000	0.1	4	10	10	32211101						
32211110	0.99	0.01	3	1	1	0	0.05	0.01	0.15	0.15	0	0.5	0.5	0.1	7.00E-05	0.3	50000	5000	0.1	4	10	10	32211110						
32211111	0.99	0.01	3	1	1	0	0.05	0.01	0.15	0.15	0	0.5	0.5	0.1	0.0007	0.3	50000	5000	0.1	4	10	10	32211111						
32300000	0.99	0.01	3	1	0.5	0	0.01	0.01	0.1	0.1	0	0.5	0.5	0.09	7.00E-05	0.3	50000	5000	0.1	4	10	10	32300000						
32300001	0.99	0.01	3	1	0.5	0	0.01	0.01	0.1	0.1	0	0.5	0.5	0.09	0.0007	0.3	50000	5000	0.1	4	10	10	32300001						
32300010	0.99	0.01	3	1	0.5	0	0.01	0.01	0.1	0.1	0	0.5	0.5	0.1	7.00E-05	0.3	50000	5000	0.1	4	10	10	32300010						
32300011	0.99	0.01	3	1	0.5	0	0.01	0.01	0.1	0.1	0	0.5	0.5	0.1	0.0007	0.3	50000	5000	0.1	4	10	10	32300011						
32300100	0.99	0.01	3	1	0.5	0	0.05	0.01	0.1	0.1	0	0.5	0.5	0.09	7.00E-05	0.3	50000	5000	0.1	4	10	10	32300100						
32300101	0.99	0.01	3	1	0.5	0	0.05	0.01	0.1	0.1	0	0.5	0.5	0.09	0.0007	0.3	50000	5000	0.1	4	10	10	32300101						
32300110	0.99	0.01	3	1	0.5	0	0.05	0.01	0.1	0.1	0	0.5	0.5	0.1	7.00E-05	0.3	50000	5000	0.1	4	10	10	32300110						
32300111	0.99	0.01	3	1	0.5	0	0.05	0.01	0.1	0.1	0	0.5	0.5	0.1	0.0007	0.3	50000	5000	0.1	4	10	10	32300111						
32301000	0.99	0.01	3	1	0.5	0	0.01	0.01	0.15	0.15	0	0.5	0.5	0.09	7.00E-05	0.3	50000	5000	0.1	4	10	10	32301000						
32301001	0.99	0.01	3	1	0.5	0	0.01	0.01	0.15	0.15	0	0.5	0.5	0.09	0.0007	0.3	50000	5000	0.1	4	10	10	32301001						
32301010	0.99	0.01	3	1	0.5	0	0.01	0.01	0.15	0.15	0	0.5	0.5	0.1	7.00E-05	0.3	50000	5000	0.1	4	10	10	32301010						
32301011	0.99	0.01	3	1	0.5	0	0.01	0.01	0.15	0.15	0	0.5	0.5	0.1	0.0007	0.3	50000	5000	0.1	4	10	10	32301011						
32301100	0.99	0.01	3	1	0.5	0	0.05	0.01	0.15	0.15	0	0.5	0.5	0.09	7.00E-05	0.3	50000	5000	0.1	4	10	10	32301100						
32301101	0.99	0.01	3	1	0.5	0	0.05	0.01	0.15	0.15	0	0.5	0.5	0.09	0.0007	0.3	50000	5000	0.1	4	10	10	32301101						
32301110	0.99	0.01	3	1	0.5	0	0.05	0.01	0.15	0.15	0	0.5	0.5	0.1	7.00E-05	0.3	50000	5000	0.1	4	10	10	32301110						
32301111	0.99	0.01	3	1	0.5	0	0.05	0.01	0.15	0.15	0	0.5	0.5	0.1	0.0007	0.3	50000	5000	0.1	4	10	10	32301111						
32310000	0.99	0.01	3	1	1	0	0.01	0.01	0.1	0.1	0	0.5	0.5	0.09	7.00E-05	0.3	50000	5000	0.1	4	10	10	32310000						
32310001	0.99	0.01	3	1	1	0	0.01	0.01	0.1	0.1	0	0.5	0.5	0.09	0.0007	0.3	50000	5000	0.1	4	10	10	32310001						
32310010	0.99	0.01	3	1	1	0	0.01	0.01	0.1	0.1	0	0.5	0.5	0.1	7.00E-05	0.3	50000	5000	0.1	4	10	10	32310010						
32310011	0.99	0.01	3	1	1	0	0.01	0.01	0.1	0.1	0	0.5	0.5	0.1	0.0007	0.3	50000	5000	0.1	4	10	10	32310011						
32310100	0.99	0.01	3	1	1	0	0.05	0.01	0.1	0.1	0	0.5	0.5	0.09	7.00E-05	0.3	50000	5000	0.1	4	10	10	32310100						
32310101	0.99	0.01	3	1	1	0	0.05	0.01	0.1	0.1	0	0.5	0.5	0.09	0.0007	0.3	50000	5000	0.1	4	10	10	32310101						
32310110	0.99	0.01	3	1	1	0	0.05	0.01	0.1	0.1	0	0.5	0.5	0.1	7.00E-05	0.3	50000	5000	0.1	4	10	10	32310110						
32310111	0.99	0.01	3	1	1	0	0.05	0.01	0.1	0.1	0	0.5	0.5	0.1	0.0007	0.3	50000	5000	0.1	4	10	10	32310111						
32311000	0.99	0.01	3	1	1	0	0.01	0.01	0.15	0.15	0	0.5	0.5	0.09	7.00E-05	0.3	50000	5000	0.1	4	10	10	32311000						
32311001	0.99	0.01	3	1	1	0	0.01	0.01	0.15	0.15	0	0.5	0.5	0.09	0.0007	0.3	50000	5000	0.1	4	10	10	32311001						
32311010	0.99	0.01	3	1	1	0	0.01	0.01	0.15	0.15	0	0.5	0.5	0.1	7.00E-05	0.3	50000	5000	0.1	4	10	10	32311010						
32311011	0.99	0.01	3	1	1	0	0.01	0.01	0.15	0.15	0	0.5	0.5	0.1	0.0007	0.3	50000	5000	0.1	4	10	10	32311011						
32311100	0.99	0.01	3	1	1	0	0.05	0.01	0.15	0.15	0	0.5	0.5	0.09	7.00E-05	0.3	50000	5000	0.1	4	10	10	32311100						
32311101	0.99	0.01	3	1	1	0	0.05	0.01	0.15	0.15	0	0.5	0.5	0.09	0.0007	0.3	50000	5000	0.1	4	10	10	32311101						
32311110	0.99	0.01	3	1	1	0	0.05	0.01	0.15	0.15	0	0.5	0.5	0.1	7.00E-05	0.3	50000	5000	0.1	4	10	10	32311110						
32311111	0.99	0.01	3	1	1	0	0.05	0.01	0.15	0.15	0	0.5	0.5	0.1	0.0007	0.3	50000	5000	0.1	4	10	10	32311111						
33000000	1	0.01	3	1	0.5	0	0.01	0.01	0.1	0.1	0	0.5	0.5	0.09	7.00E-05	0.3	100000	5000	0.1	4	10	10	3000000						
33100000	0.99	0.01	3	1	0.5	0	0.01	0.01	0.1	0.1	0	0.5	0.5	0.09	7.00E-05	0.3	50000	5000	0.1	4	10	10	3300000						
33300000	0.99	0.01	3	1	0.5	0	0.01	0.01	0.1	0.1	0	0.5	0.5	0.09	7.00E-05	0.3	50000	5000	0.1	4	10	10	3300000						
33500000	1	0.01	3	1	0.5	0	0.01	0.01	0.1	0.1	0	0.5	0.5	0.09	7.00E-05	0.3	100000	5000	0.1	4	10	10	3000000						
42000000	1	0.01	3	1	0.5	0	0.01	0.01	0.1	0.1	0	0.5	0.5	0.09	7.00E-05	0.3	100000	5000	0.1	4	10	10	3000000						
42100000	0.99	0.01	3	1	0.5	0	0.01	0.01	0.1	0.1	0	0.5	0.5	0.09	7.00E-05	0.3	50000	5000	0.1	4	10	10	3300000						
42300000	0.99	0.01	3	1	0.5	0	0.01	0.01	0.1	0.1	0	0.5	0.5	0.09	7.00E-05	0.3	50000	5000	0.1	4	10	10	3300000						
42500000	1	0.01	3	1	0.5	0	0.01	0.01	0.1	0.1	0	0.5	0.5	0.09	7.00E-05	0.3	100000	5000	0.1	4	10	10	3000000						
51000000	1	0.01	3	1	0.5	0	0.01	0.01	0.1	0.1	0	0.5	0.5	0.09	7.00E-05	0.3	100000	5000	0.1	4	40	40	52000000						
51100000	0.99	0.01	3	1	0.5	0	0.01	0.01	0.1	0.1	0	0.5	0.5	0.09	7.00E-05	0.3	100000	5000	0.1	4	40	40	52100000						
51200000	0.99	0.01	3	1	0.5	0	0.01	0.01	0.1	0.1	0	0.5	0.5	0.09	7.00E-05	0.3	100000	5000	0.1	4	40	40	52200000						
51300000	0.99	0.01	3	1	0.5	0	0.01	0.01	0.1	0.1	0	0.5	0.5	0.09	7.00E-05	0.3	100000	5000	0.1	4	40	40	52300000						
53000000	1	0.01	3	1	0.5	0	0.01	0.01	0.1	0.1	0	0.5	0.5	0.09	7.00E-05	0.3	100000	5000	0.1	4	40	40	62000000						
53100000	0.99	0.01	3	1	0.5	0	0.01	0.01	0.1	0.1	0	0.5	0.5	0.09	7.00E-05	0.3	100000	5000	0.1	4	40	40	62100000						
53200000	0.99	0.01	3	1	0.5	0	0.01	0.01	0.1	0.1	0	0.5	0.5	0.09	7.00E-05	0.3	100000	5000	0.1	4	40	40	62200000						
53300000	0.99	0.01	3	1	0.5	0	0.01	0.01	0.1	0.1	0	0.5	0.5	0.09	7.00E-05	0.3	100000	5000	0.1	4	40	40	62300000						
55000000	1	0.01	3	1	0.5	0	0.01	0.01	0.1	0.1	0	0.5	0.5	0.09	7.00E-05	0.3	100000	5000	0.1	4	40	40	55400000	1	0.001	1	0	0	0
55100000	0.99	0.01	3	1	0.5	0	0.01	0.01	0.1	0.1	0	0.5	0.5	0.09	7.00E-05	0.3	100000	5000	0.1	4	40	40	55000000	1	0.001	1	1	0	0
55200000	0.99	0.01	3	1	0.5	0	0.01	0.01	0.1	0.1	0	0.5	0.5	0.09	7.00E-05	0.3	100000	5000	0.1	4	40	40	55100000	1	0.001	1	2	0	0
55300000	0.99	0.01	3	1	0.5	0	0.01	0.01	0.1	0.1	0	0.5	0.5	0.09	7.00E-05	0.3	100000	5000	0.1	4	40	40	55200000	1	0.001	1	3	0	0
84000000	1	0.01	3	1	0.5	0	0.01	0.01	0.1	0.1	0	0.5	0.5	0.09	7.00E-05	0.3	100000	5000	0.1	4	40	40	84000000						
84000004	1	0.01	3	1	0.5	0	0.01	0.01	0.1	0.1	0	0.5	0.5	0.09	7.00E-05	0.3	400000	40000	0.1	4	40	40	84000004						
84100000	0.99	0.01	3	1	0.5	0	0.01	0.01	0.1	0.1	0	0.5	0.5	0.09	7.00E-05	0.3	100000	5000	0.1	4	40	40	84100000						
84100004	0.99	0.01	3	1	0.5	0	0.01	0.01	0.1	0.1	0	0.5	0.5	0.09	7.00E-05	0.3	400000	40000	0.1	4	40	40	84100004						
84200000	0.99	0.01	3	1	0.5	0	0.01	0.01	0.1	0.1	0	0.5	0.5	0.09	7.00E-05	0.3	100000	5000	0.1	4	40	40	84200000						
84200004	0.99	0.01	3	1	0.5	0	0.01	0.01	0.1	0.1	0	0.5	0.5	0.09	7.00E-05	0.3	400000	40000	0.1	4	40	40	84200004						
84300000	0.99	0.01	3	1	0.5	0	0.01	0.01	0.1	0.1	0	0.5	0.5	0.09	7.00E-05	0.3	100000	5000	0.1	4	40	40	84300000						
84300004	0.99	0.01	3	1	0.5	0	0.01	0.01	0.1	0.1	0	0.5	0.5	0.09	7.00E-05	0.3	400000	40000	0.1	4	40	40	84300004						
84900000	0.99	0.01	3	1	0.5	0	0.01	0.01	0.1	0.1	0	0.5	0.5	0.09	7.00E-05	0.3	100000	5000	0.1	4	40	40	84900000	1	0.001	500	0	0.001	0
85000000	1	0.01	3	1	0.5	0	0.01	0.01	0.1	0.1	0	0.5	0.5	0.09	7.00E-05	0.3	100000	5000	0.1	4	40	40	85400000	1	0.001	1	0	0.001	0
85100000	0.99	0.01	3	1	0.5	0	0.01	0.01	0.1	0.1	0	0.5	0.5	0.09	7.00E-05	0.3	100000	5000	0.1	4	40	40	85000000	1	0.001	1	1	0.001	0
85200000	0.99	0.01	3	1	0.5	0	0.01	0.01	0.1	0.1	0	0.5	0.5	0.09	7.00E-05	0.3	100000	5000	0.1	4	40	40	85100000	1	0.001	1	2	0.001	0
85300000	0.99	0.01	3	1	0.5	0	0.01	0.01	0.1	0.1	0	0.5	0.5	0.09	7.00E-05	0.3	100000	5000	0.1	4	40	40	85300000	1	0.001	1	3	0.01	0
94000000	1	0.01	3	1	0.5	0	0.01	0.01	0.1	0.1	0	0.5	0.5	0.09	7.00E-05	0.3	100000	5000	0.1	4	40	40	62100000						
94100000	0.99	0.01	3	1	0.5	0	0.01	0.01	0.1	0.1	0	0.5	0.5	0.09	7.00E-05	0.3	100000	5000	0.1	4	40	40	62100000						
94200000	0.99	0.01	3	1	0.5	0	0.01	0.01	0.1	0.1	0	0.5	0.5	0.09	7.00E-05	0.3	100000	5000	0.1	4	40	40	62100000						
94300000	0.99	0.01	3	1	0.5	0	0.01	0.01	0.1	0.1	0	0.5	0.5	0.09	7.00E-05	0.3	100000	5000	0.1	4	40	40	62100000						
154000000	1	0.01	3	1	0.5	0	0.01	0.01	0.1	0.1	0	0.5	0.5	0.09	7.00E-05	0.3	100000	5000	0.1	4	40	40	155400000	1	0.001	500	0	0	0.01
154100000	0.99	0.01	3	1	0.5	0	0.01	0.01	0.1	0.1	0	0.5	0.5	0.09	7.00E-05	0.3	100000	5000	0.1	4	40	40	155000000	1	0.001	500	1	0	0.01
154200000	0.99	0.01	3	1	0.5	0	0.01	0.01	0.1	0.1	0	0.5	0.5	0.09	7.00E-05	0.3	100000	5000	0.1	4	40	40	155100000	1	0.001	500	2	0	0.01
154300000	0.99	0.01	3	1	0.5	0	0.01	0.01	0.1	0.1	0	0.5	0.5	0.09	7.00E-05	0.3	100000	5000	0.1	4	40	40	155200000	1	0.001	500	3	0	0.01
155000000	1	0.01	3	1	0.5	0	0.01	0.01	0.1	0.1	0	0.5	0.5	0.09	7.00E-05	0.3	100000	5000	0.1	4	40	40	155400000	1	0.001	1	0	0	0.01
155100000	0.99	0.01	3	1	0.5	0	0.01	0.01	0.1	0.1	0	0.5	0.5	0.09	7.00E-05	0.3	100000	5000	0.1	4	40	40	155000000	1	0.001	1	1	0	0.01
155200000	0.99	0.01	3	1	0.5	0	0.01	0.01	0.1	0.1	0	0.5	0.5	0.09	7.00E-05	0.3	100000	5000	0.1	4	40	40	155100000	1	0.001	1	2	0	0.01
155300000	0.99	0.01	3	1	0.5	0	0.01	0.01	0.1	0.1	0	0.5	0.5	0.09	7.00E-05	0.3	100000	5000	0.1	4	40	40	155200000	1	0.001	1	3	0	0.01
184000000	1	0.01	3	1	0.5	0	0.01	0.01	0.1	0.1	0	0.5	0.5	0.09	7.00E-05	0.3	100000	5000	0.1	4	40	40	185400000	1	0.001	500	0	0.001	0.01
184100000	0.99	0.01	3	1	0.5	0	0.01	0.01	0.1	0.1	0	0.5	0.5	0.09	7.00E-05	0.3	100000	5000	0.1	4	40	40	185000000	1	0.001	500	1	0.001	0.01
184200000	0.99	0.01	3	1	0.5	0	0.01	0.01	0.1	0.1	0	0.5	0.5	0.09	7.00E-05	0.3	100000	5000	0.1	4	40	40	185100000	1	0.001	500	2	0.001	0.01
184300000	0.99	0.01	3	1	0.5	0	0.01	0.01	0.1	0.1	0	0.5	0.5	0.09	7.00E-05	0.3	100000	5000	0.1	4	40	40	184300000	1	0.001	500	3	0.01	0.01
185000000	1	0.01	3	1	0.5	0	0.01	0.01	0.1	0.1	0	0.5	0.5	0.09	7.00E-05	0.3	100000	5000	0.1	4	40	40	185400000	1	0.001	1	0	0.001	0.01
185100000	0.99	0.01	3	1	0.5	0	0.01	0.01	0.1	0.1	0	0.5	0.5	0.09	7.00E-05	0.3	100000	5000	0.1	4	40	40	185000000	1	0.001	1	1	0.001	0.01
185200000	0.99	0.01	3	1	0.5	0	0.01	0.01	0.1	0.1	0	0.5	0.5	0.09	7.00E-05	0.3	100000	5000	0.1	4	40	40	185100000	1	0.001	1	2	0.001	0.01
185300000	0.99	0.01	3	1	0.5	0	0.01	0.01	0.1	0.1	0	0.5	0.5	0.09	7.00E-05	0.3	100000	5000	0.1	4	40	40	185300000	1	0.001	1	3	0.01	0.001
254000000	1	0.01	3	1	0.5	0	0.01	0.01	0.1	0.1	0	0.5	0.5	0.09	7.00E-05	0.3	100000	5000	0.1	4	40	40	155000000	1	0.001	500	0	0	0.5
254100000	0.99	0.01	3	1	0.5	0	0.01	0.01	0.1	0.1	0	0.5	0.5	0.09	7.00E-05	0.3	100000	5000	0.1	4	40	40	155100000	1	0.001	500	1	0	0.5
254200000	0.99	0.01	3	1	0.5	0	0.01	0.01	0.1	0.1	0	0.5	0.5	0.09	7.00E-05	0.3	100000	5000	0.1	4	40	40	155200000	1	0.001	500	2	0	0.5
254300000	0.99	0.01	3	1	0.5	0	0.01	0.01	0.1	0.1	0	0.5	0.5	0.09	7.00E-05	0.3	100000	5000	0.1	4	40	40	155300000	1	0.001	500	3	0	0.5
284000000	1	0.01	3	1	0.5	0	0.01	0.01	0.1	0.1	0	0.5	0.5	0.09	7.00E-05	0.3	100000	5000	0.1	4	40	40	185000000	1	0.001	500	0	0.001	0.5
284100000	0.99	0.01	3	1	0.5	0	0.01	0.01	0.1	0.1	0	0.5	0.5	0.09	7.00E-05	0.3	100000	5000	0.1	4	40	40	185100000	1	0.001	500	1	0.001	0.5
284200000	0.99	0.01	3	1	0.5	0	0.01	0.01	0.1	0.1	0	0.5	0.5	0.09	7.00E-05	0.3	100000	5000	0.1	4	40	40	185200000	1	0.001	500	2	0.001	0.5
284300000	0.99	0.01	3	1	0.5	0	0.01	0.01	0.1	0.1	0	0.5	0.5	0.09	7.00E-05	0.3	100000	5000	0.1	4	40	40	185300000	1	0.001	500	3	0.001	0.5